cardiac_risk,stress_label,fatigue_label,heart_rate,hrv_sdnn,stress_ratio,emg_rms
0,1,0,56.87,22.07,11.315183,0.242747
1,1,0,116.84,5.0,2.463093,0.318438
0,0,0,82.33,17.89,0.466968,0.344513
0,0,1,68.35,15.64,0.364423,0.893479
1,0,0,94.24,5.0,1.569601,0.302767
0,1,1,78.94,16.06,0.957681,1.019432
0,1,1,66.74,5.61,3.587547,0.517152
0,1,0,53.96,10.17,2.176957,0.313181
0,1,1,54.33,28.27,2.229535,0.542204
1,0,0,115.59,8.15,0.434443,0.259299
0,0,0,77.58,5.0,0.475467,0.217883
0,0,1,69.42,22.67,0.45289,0.854299
0,0,1,53.77,5.0,0.942193,1.150806
0,0,1,66.84,15.61,0.076399,0.668055
1,0,1,134.34,5.0,0.173361,0.927226
0,0,0,59.49,5.0,1.067176,0.193678
0,1,0,59.32,31.61,20.184296,0.151657
0,0,1,73.27,10.36,0.136009,0.553842
0,0,0,73.33,8.32,0.440186,0.200023
1,0,0,104.99,5.0,0.197911,0.333201
0,0,1,53.8,24.6,0.244166,0.808738
0,1,1,78.27,15.87,3.149841,0.408782
0,1,1,70.98,23.37,0.601145,0.665008
1,1,0,115.29,5.0,6.295777,0.361782
0,1,0,70.31,8.29,7.804796,0.157219
0,1,1,79.24,12.92,5.173339,0.624329
0,1,1,85.78,5.0,48.523034,0.500116
1,0,0,112.46,5.0,0.565592,0.213813
0,1,0,68.43,5.0,20.554286,0.398429
0,0,1,83.78,8.76,0.416688,0.508403
1,0,0,110.22,8.98,1.430383,0.191506
0,1,0,60.91,24.45,4.61454,0.265526
0,1,0,63.09,14.64,11.118388,0.266053
0,0,0,63.79,13.74,0.130943,0.376515
0,1,1,45.0,5.35,8.553336,0.704402
0,1,0,58.87,26.82,2.575468,0.334893
1,1,1,97.13,5.0,4.393913,0.356834
0,0,0,72.76,5.0,0.073307,0.240672
1,0,1,115.78,12.19,0.107409,1.06048
0,0,1,84.21,5.0,0.334058,0.50064
1,0,1,142.86,24.34,0.693495,0.558992
0,1,0,57.73,22.69,1.242855,0.303383
0,1,1,67.65,16.04,28.698952,1.053264
0,0,0,93.56,10.72,0.671958,0.208206
0,0,1,64.38,8.45,0.300811,1.09948
1,0,1,121.16,5.0,0.062086,1.117821
1,1,0,108.88,21.93,4.117798,0.299251
1,1,1,103.45,5.0,5.708851,0.902916
1,1,1,112.88,20.33,5.945613,0.635677
0,1,1,81.24,5.0,8.003847,0.954955
1,1,0,122.67,5.0,17.782788,0.35857
0,0,0,96.04,5.0,0.06911,0.2097
1,0,0,75.0,18.72,0.113086,0.252495
0,1,1,65.54,9.68,2.006883,0.910859
1,0,1,152.26,5.28,2.071394,0.688349
0,1,0,82.97,16.93,1.889253,0.355464
0,1,1,49.91,17.37,12.021305,0.653108
1,1,1,118.14,6.44,2.072357,0.413808
0,1,0,84.35,9.18,7.006235,0.35201
1,1,0,102.52,5.0,4.627891,0.292864
1,0,0,106.52,9.18,0.514684,0.2968
0,0,1,83.49,5.0,0.612725,1.197357
1,1,1,109.97,10.58,16.861965,0.628244
0,0,1,81.19,15.23,0.467798,0.435931
1,0,1,100.15,11.57,0.224223,0.678895
0,1,1,77.98,5.0,6.778043,1.012076
1,0,0,103.5,5.0,0.879485,0.391877
0,1,1,58.34,5.0,2.600706,1.183508
0,0,1,71.09,20.65,0.286394,0.378736
0,1,1,64.0,5.15,4.105972,1.215296
1,1,0,143.91,10.03,2.925477,0.368259
0,1,1,82.01,5.0,17.831753,0.485858
1,1,1,122.81,5.0,2.858234,0.577769
1,1,0,112.3,15.15,4.505691,0.297051
1,0,1,144.25,5.0,1.76093,1.160217
0,0,1,55.2,18.29,0.208762,0.624425
0,0,0,80.38,18.56,0.399355,0.261539
0,0,1,63.33,17.31,0.083899,0.752406
1,1,1,106.17,5.0,0.898997,0.354355
0,0,1,76.67,9.21,0.372796,0.763503
1,1,1,125.27,8.7,5.205942,0.485102
1,1,0,133.13,5.16,2.772569,0.335149
1,1,0,114.57,5.0,18.196871,0.166627
0,0,0,80.65,20.02,0.49839,0.303726
0,1,0,86.37,24.37,19.132121,0.194215
0,1,1,75.24,18.86,2.089508,0.679153
0,1,0,55.73,10.12,18.15902,0.258006
1,1,1,135.37,8.32,1.143083,0.66347
1,0,0,126.93,5.0,0.560078,0.231956
0,1,0,66.67,24.35,1.478132,0.348666
0,0,0,76.92,28.9,0.187825,0.281789
0,1,0,72.95,7.46,2.441816,0.311381
0,1,0,103.28,8.23,2.284089,0.403511
1,1,0,131.64,5.0,5.784329,0.259062
1,0,0,120.2,13.17,0.493724,0.162982
0,0,0,80.99,12.43,0.228062,0.24031
0,0,0,79.8,5.0,0.12797,0.310991
0,1,0,73.08,11.23,17.63807,0.242488
0,1,0,83.5,5.0,1.946079,0.348581
1,1,0,102.07,5.0,1.945736,0.324963
0,0,1,79.03,5.0,1.257176,0.752679
0,1,0,70.69,5.0,7.843929,0.210859
0,1,0,77.4,21.15,14.381504,0.176101
0,1,1,62.55,10.89,3.262135,1.189751
1,0,1,133.31,5.0,0.218604,1.059829
0,1,1,65.33,17.34,19.099295,0.624498
1,1,0,82.55,5.05,3.335396,0.22432
0,1,0,89.84,5.0,16.675525,0.286873
1,0,1,105.35,5.0,0.17943,0.702071
0,1,0,66.99,5.0,4.119743,0.261297
0,0,0,60.89,20.94,0.055479,0.154899
0,1,1,60.53,15.44,1.584016,1.064099
0,0,1,62.84,17.2,0.280884,0.776034
0,1,1,74.79,9.42,5.501348,0.970441
1,1,0,120.96,5.0,3.697799,0.22604
0,0,1,80.08,27.0,0.969453,0.896887
0,0,0,82.66,30.11,1.337341,0.288631
0,1,0,69.05,5.0,6.785893,0.326986
1,1,0,75.0,16.68,2.586183,0.318147
0,1,1,73.08,9.11,1.404997,1.065133
0,0,0,69.42,12.21,0.112297,0.35719
0,0,0,77.32,5.0,0.093662,0.357326
0,1,0,73.85,25.09,6.18202,0.28447
0,0,1,84.82,17.26,1.801289,0.47622
0,0,1,76.13,5.0,0.104223,0.360371
1,0,0,131.07,5.0,1.074913,0.259209
0,1,0,90.87,10.86,8.454171,0.31697
1,1,0,95.73,12.54,10.871046,0.226844
1,0,1,92.86,6.99,0.058474,0.507689
0,0,1,75.59,5.0,0.93107,0.845799
0,1,0,68.58,20.27,3.365998,0.310619
0,1,1,61.01,16.51,1.925265,1.189783
1,1,0,98.58,5.0,3.402758,0.321112
0,0,1,62.64,13.94,0.756533,0.654055
0,0,0,79.89,15.81,2.32532,0.335701
0,0,1,72.01,11.95,0.824559,0.59571
1,1,1,102.02,5.0,42.0997,1.15526
0,1,0,56.03,11.94,3.143576,0.246577
1,0,1,103.25,5.0,0.619304,0.548701
0,0,1,45.0,25.56,1.565144,0.509643
0,0,0,72.62,13.49,0.364485,0.287402
0,0,0,60.36,14.86,0.271059,0.260854
0,1,1,73.96,15.18,20.285331,0.872555
1,0,1,90.41,11.95,0.276166,1.177497
0,1,0,83.53,5.0,5.819058,0.282993
1,0,0,133.25,11.68,0.407214,0.226653
0,1,1,84.91,22.63,0.755146,0.551121
1,0,0,108.75,13.32,0.087463,0.229639
1,1,1,148.7,12.4,1.133783,0.7307
0,1,0,66.31,18.85,10.626397,0.28836
0,1,1,61.44,20.31,3.413935,1.084887
0,0,0,72.55,17.78,0.097484,0.265655
0,0,0,48.33,8.87,0.761081,0.199919
1,1,1,98.62,7.34,5.987196,0.919243
0,0,0,79.3,19.93,0.541699,0.373281
1,0,1,98.21,8.61,0.131822,0.860313
0,1,1,82.94,15.85,5.238849,0.953852
0,1,0,87.82,15.41,3.999818,0.324417
0,0,0,72.41,12.21,0.170338,0.308618
0,0,1,66.72,21.2,0.53739,0.361827
1,1,0,125.91,5.0,11.122605,0.223083
0,1,1,83.91,5.0,2.972052,0.863061
1,0,1,107.1,12.44,0.077282,0.388036
1,0,0,120.33,5.0,0.077389,0.384731
1,0,1,121.79,5.06,1.664198,0.756722
0,0,0,67.35,24.22,0.23927,0.176313
0,0,1,80.49,5.0,0.419929,0.473919
0,0,0,73.4,5.0,0.187731,0.272559
1,1,1,154.44,5.0,2.47137,0.802539
1,1,1,126.48,5.0,3.616936,0.56126
1,0,0,116.95,5.0,0.275019,0.209627
1,0,0,111.27,16.17,0.214106,0.20288
0,0,1,73.95,25.11,0.234463,0.992696
0,0,1,87.91,14.73,1.599905,0.407051
0,1,0,93.05,5.18,6.565488,0.182704
0,0,0,70.62,5.0,0.959195,0.37453
1,1,1,98.71,5.0,1.431127,0.91163
0,0,1,53.66,28.6,0.247072,1.078691
0,0,1,59.49,23.2,0.164573,0.848824
0,0,1,78.03,5.0,0.564231,0.459478
1,0,0,87.66,5.0,0.108291,0.328775
1,0,1,99.39,7.03,0.355086,0.73947
0,0,1,79.75,20.17,1.989384,1.078254
0,1,1,87.65,22.08,3.407298,0.881676
0,0,0,81.93,20.19,0.213147,0.202357
1,1,0,124.35,5.0,2.828466,0.274398
0,0,1,58.48,7.82,0.328516,0.828827
0,0,0,63.64,39.65,0.150012,0.217271
0,1,1,72.49,7.98,3.574762,0.359005
0,1,0,68.12,5.0,23.495116,0.329846
0,1,0,70.99,11.47,5.061616,0.243984
0,1,0,69.44,16.91,0.555987,0.242188
0,0,0,90.77,10.67,0.797118,0.401151
0,1,1,71.87,6.88,6.334172,1.041847
1,1,0,111.47,14.82,1.792505,0.332631
0,0,1,66.61,16.67,0.325129,0.937315
0,0,0,55.32,31.9,0.308654,0.258217
0,1,1,55.99,13.47,13.986376,1.161935
0,1,0,86.12,5.0,15.199492,0.347547
0,0,0,53.28,28.99,0.109696,0.345105
0,0,1,49.7,21.58,0.112856,0.869203
0,0,1,69.18,15.2,0.321258,0.74983
0,0,0,76.69,5.0,0.674496,0.185123
0,0,1,84.06,16.54,0.113459,0.441533
1,1,0,136.36,10.53,1.11243,0.350512
0,0,1,76.03,10.45,0.176505,0.738378
0,1,0,73.37,17.54,3.96889,0.165287
0,1,0,83.44,5.0,13.828182,0.32025
1,0,0,103.81,5.0,0.149456,0.200604
0,1,0,90.44,18.0,5.305694,0.26408
0,1,0,49.84,38.12,0.886792,0.365467
1,1,1,139.56,5.0,13.611107,0.558302
0,0,1,51.97,22.77,0.282937,0.361465
1,0,1,134.33,17.61,0.199794,0.698806
1,0,1,91.87,11.62,0.325555,0.495195
0,0,0,82.88,14.61,0.686777,0.271246
0,0,1,83.08,7.42,0.632844,1.057727
0,1,0,73.18,15.71,2.143046,0.366497
0,0,0,56.67,12.58,0.217651,0.192711
0,0,0,66.79,15.1,0.458755,0.365094
1,1,0,110.37,12.04,11.313912,0.373754
0,1,0,71.54,23.05,4.676871,0.308074
1,0,1,113.97,5.0,0.299596,0.751293
0,1,1,63.64,5.0,20.341635,0.557305
0,0,0,68.25,18.25,0.352681,0.228313
0,1,0,75.68,5.0,8.4234,0.315589
1,1,0,110.35,12.73,1.462867,0.30535
0,1,0,71.69,26.67,7.082706,0.267312
0,0,0,70.86,17.42,0.218823,0.289067
0,1,1,80.88,5.0,15.897759,0.566114
1,0,1,131.7,5.0,0.318859,0.468498
1,1,1,109.25,5.0,17.192938,0.78617
0,0,0,65.14,15.31,0.321289,0.334023
1,1,0,134.02,10.6,1.110872,0.342438
1,1,0,142.97,5.0,8.303807,0.292674
1,1,1,128.71,5.0,3.499,0.90468
1,1,1,133.52,15.09,38.000159,0.700052
0,0,1,61.44,19.73,0.444734,0.494995
0,0,0,61.46,8.65,0.148421,0.197124
1,1,0,106.39,5.0,10.197786,0.368594
1,0,1,107.4,10.24,0.240518,0.656438
1,1,0,118.28,26.52,10.704522,0.198976
0,0,1,76.24,5.0,0.188185,0.962469
1,0,1,126.42,6.39,1.134656,1.181968
1,0,0,106.69,5.0,1.211766,0.280098
0,1,1,66.9,18.35,3.406142,0.895129
1,1,1,125.51,5.0,5.041213,0.822695
0,1,0,57.65,35.93,7.068408,0.392175
0,1,0,66.19,9.52,13.939727,0.188694
0,1,1,70.45,5.0,2.694286,0.590221
0,1,0,66.86,18.05,27.259726,0.195426
0,0,1,104.09,11.02,1.266495,0.73619
1,1,0,125.9,5.0,6.557911,0.317313
0,1,1,93.14,5.0,3.033209,1.119062
0,1,0,88.29,23.07,2.33727,0.173752
1,0,1,80.85,24.79,0.069806,0.706515
0,0,1,65.91,5.0,0.515377,0.583421
1,1,1,136.64,10.41,6.137591,0.869837
0,1,0,78.13,5.0,5.356797,0.268401
0,1,1,82.25,7.0,5.926651,0.439193
0,1,1,77.81,18.89,13.844069,0.927153
0,0,1,53.02,20.58,0.745017,1.163844
0,0,1,65.85,8.02,1.962779,0.36735
0,1,0,77.96,5.0,5.174088,0.199401
0,1,1,48.71,36.48,6.28677,1.01726
0,1,1,59.84,26.16,3.302402,1.139378
0,1,1,77.92,9.05,2.799132,0.981322
0,1,0,64.78,5.0,23.455337,0.301736
0,0,1,57.41,5.0,0.110001,0.712616
0,1,1,68.11,10.91,2.648557,1.098744
0,1,1,76.72,5.0,5.492887,0.966939
0,0,0,70.52,14.32,0.156766,0.352836
0,0,0,60.45,17.27,0.519041,0.345017
0,1,0,54.83,18.37,4.252245,0.157057
0,0,1,86.74,5.0,0.463863,0.501789
0,0,0,74.59,20.54,0.131528,0.236995
1,0,1,123.7,5.0,0.177886,1.07666
0,0,0,69.51,9.33,0.444425,0.159845
0,0,1,88.26,9.25,0.097617,0.924956
0,1,0,56.46,15.3,35.628734,0.317431
1,1,1,124.4,5.0,6.811558,0.400063
0,0,1,75.88,9.07,0.229374,0.801088
0,1,1,79.96,16.66,12.216441,1.103164
1,0,0,128.48,18.83,1.358666,0.33429
1,0,0,123.02,30.0,0.586126,0.183339
1,0,0,128.63,14.2,2.403199,0.225768
0,0,0,61.23,20.0,0.186567,0.283905
1,1,0,115.58,9.97,4.014415,0.218583
0,0,0,52.04,15.32,0.791331,0.257407
0,1,0,99.24,5.0,2.401014,0.353964
1,1,1,108.94,5.0,1.68198,1.149101
1,1,1,90.97,11.23,12.98386,1.177921
0,0,0,76.53,5.0,0.549541,0.333993
0,0,1,68.17,8.23,0.420277,0.822754
0,0,0,66.93,13.54,0.719207,0.233644
0,0,1,70.33,21.38,0.127933,0.506918
1,0,1,124.49,11.96,0.125172,0.481408
1,0,1,113.87,5.0,0.369001,1.038991
0,1,1,63.93,14.64,17.343615,1.022039
0,0,0,102.71,5.0,0.45379,0.182173
0,0,1,45.7,35.58,0.098733,0.517598
1,0,0,160.0,5.29,0.148423,0.259864
0,1,1,60.82,20.63,2.883734,0.582029
1,1,0,142.35,16.25,1.523558,0.256486
1,0,0,108.66,7.65,0.162998,0.222609
0,1,0,60.18,5.0,4.750619,0.340687
0,1,1,70.51,8.96,1.414487,0.436374
0,1,1,58.45,29.83,1.189492,0.642565
0,0,1,73.29,5.59,0.399857,0.698655
0,0,0,68.43,29.87,0.430674,0.213553
1,0,0,92.59,5.0,0.607216,0.21558
1,1,0,128.34,5.0,5.191045,0.36807
1,1,1,113.96,5.0,3.176069,0.892496
0,0,1,86.34,5.0,0.612132,0.948611
0,1,1,52.03,14.54,3.239074,0.567372
0,0,1,85.7,14.85,0.624531,0.444249
0,1,1,67.66,5.0,20.164567,0.745327
0,0,0,59.27,5.0,0.926348,0.292415
1,0,0,89.59,21.99,0.212185,0.39522
0,0,1,79.99,7.09,0.246227,0.384551
0,0,0,76.61,5.0,0.11961,0.347119
0,0,1,68.49,9.65,0.278164,0.684985
0,1,1,91.5,18.44,3.083387,0.373218
0,1,1,82.93,12.58,0.85868,1.090403
0,0,0,80.96,5.0,0.70806,0.287419
0,1,0,74.35,23.2,4.690802,0.273054
0,1,0,70.79,15.65,3.418829,0.344063
0,1,1,75.35,15.25,6.116945,1.105619
0,0,0,78.11,51.27,0.163188,0.172046
0,0,1,67.02,5.0,0.425155,0.964743
0,1,0,72.09,19.91,6.456147,0.166594
0,1,0,80.78,33.92,3.517071,0.253621
0,0,0,84.7,14.88,0.792933,0.380205
0,0,1,81.39,9.12,0.080614,0.441861
1,0,1,116.21,9.12,0.135504,0.859803
1,1,0,98.28,11.46,3.635254,0.180089
1,0,0,112.33,5.0,0.341763,0.327131
1,1,0,126.35,5.0,21.122043,0.22555
0,0,1,87.47,14.72,0.658191,0.808157
1,1,1,111.4,5.0,5.193117,0.620394
0,0,0,68.13,21.57,0.308032,0.159588
0,1,0,80.36,9.55,5.895999,0.269741
0,1,1,60.5,7.55,21.347839,0.686894
1,0,0,91.48,32.66,1.17984,0.255119
1,0,1,116.32,5.0,0.680804,0.672632
1,0,0,115.3,23.27,0.192077,0.235867
1,0,1,112.26,7.38,0.410018,0.764315
0,1,1,68.12,7.82,3.173941,1.106822
0,0,0,72.36,24.01,0.592107,0.249442
0,1,0,80.16,5.0,0.958215,0.312399
1,0,1,112.66,23.05,0.934518,0.529869
0,1,0,81.28,5.0,3.597817,0.284783
1,0,0,124.21,8.1,0.106838,0.195253
1,0,1,100.09,5.0,0.143996,1.085963
0,1,0,48.81,26.71,3.14342,0.226943
1,0,1,138.45,5.0,1.07641,0.627768
0,0,0,48.17,36.2,0.157884,0.193746
1,0,1,106.71,5.07,0.649955,1.096677
0,1,1,85.17,7.76,5.85178,0.739743
1,1,0,121.42,5.59,1.753544,0.213025
0,1,1,82.97,5.0,4.311753,0.894155
0,1,1,69.56,38.27,2.170063,0.851689
0,0,1,79.67,5.0,0.320402,0.478141
0,0,0,54.83,15.54,0.671636,0.386368
0,1,1,58.49,27.9,8.48794,0.637374
0,0,1,73.32,8.9,0.179916,0.973634
0,0,1,65.44,5.44,1.211361,1.03847
1,0,1,123.05,11.73,0.43392,1.012501
1,1,0,104.15,7.7,7.743331,0.388033
0,1,1,75.3,25.05,1.931449,1.197358
1,1,0,120.28,5.0,0.70717,0.335505
0,1,0,81.53,16.2,6.807085,0.324086
1,0,0,95.16,23.21,0.690798,0.207892
1,1,1,85.56,12.67,9.717104,0.494957
0,0,1,80.76,5.0,0.178985,0.942605
1,0,0,118.86,21.47,2.221246,0.353919
1,0,0,124.14,10.29,1.182299,0.215517
1,0,1,92.62,5.0,0.232688,1.143636
1,0,0,99.62,5.0,0.952321,0.157363
0,0,0,87.35,8.2,0.077746,0.233461
1,1,0,139.11,5.0,2.288559,0.201692
0,1,1,105.0,13.8,14.241468,0.768525
1,0,0,105.51,5.0,1.822049,0.299584
1,1,1,160.0,5.0,17.765948,0.529397
0,0,1,85.93,5.0,0.121024,0.446937
0,1,1,84.52,24.29,7.327207,0.659341
1,1,1,121.61,5.0,0.968997,0.472019
1,1,1,114.34,14.41,12.293859,0.83866
0,1,0,87.16,10.57,3.455239,0.23267
0,1,0,66.88,25.78,2.533309,0.34339
0,1,0,50.1,14.89,28.578421,0.318747
0,1,0,62.9,16.78,6.926081,0.341352
0,0,1,95.04,5.0,0.585502,1.169649
1,0,0,75.0,15.22,0.691376,0.243289
1,1,0,98.32,5.0,2.365087,0.171012
1,0,0,95.07,5.0,0.106248,0.346022
0,0,1,70.32,5.0,0.163646,0.81845
0,0,0,76.45,5.0,0.242339,0.152651
1,0,1,118.24,13.5,0.3403,0.359604
0,0,0,65.59,5.0,0.076041,0.169229
0,1,1,64.24,17.08,5.229094,0.921475
0,0,0,66.78,31.63,0.201007,0.19368
0,0,0,78.01,11.18,0.581299,0.365978
0,0,0,86.21,5.0,0.681674,0.290708
0,0,0,66.46,17.01,0.393552,0.252181
0,1,0,57.43,34.69,1.157362,0.154078
0,0,1,58.95,12.14,0.95141,0.793628
0,0,1,83.4,5.0,0.780775,0.566731
0,0,1,65.66,29.56,0.707952,0.816384
1,1,1,134.06,5.0,10.754049,1.059486
0,1,0,69.16,36.26,37.466246,0.282459
0,0,0,75.89,5.0,0.169978,0.236996
0,0,0,84.15,24.7,0.820144,0.321552
1,1,0,146.43,5.0,2.905993,0.2614
0,0,1,74.5,17.42,0.374419,0.375885
0,0,0,65.02,14.03,0.175156,0.359127
1,1,1,82.13,23.24,3.582931,0.607155
1,0,0,107.64,5.0,0.159231,0.277707
0,1,1,78.78,6.35,2.003802,1.031296
0,1,0,48.76,36.91,3.454954,0.183075
0,1,0,79.43,22.97,2.304656,0.188612
0,1,1,95.53,5.0,13.479613,0.998596
0,1,0,86.13,36.38,20.54011,0.231811
0,0,1,54.3,11.25,2.580271,0.69811
0,0,0,70.78,12.58,0.611737,0.242549
1,1,1,129.14,5.0,17.161349,0.410443
0,0,0,56.15,33.48,0.261032,0.313441
0,1,1,77.35,27.21,13.43779,1.093453
0,1,0,55.01,31.09,3.123138,0.336437
0,0,1,71.34,10.04,0.688142,0.551871
0,0,1,67.33,5.0,0.416922,1.003049
0,1,0,61.19,15.46,0.851842,0.26044
0,0,0,60.77,32.56,0.559844,0.238275
0,1,0,79.54,5.0,25.368571,0.360991
0,1,0,76.35,14.63,5.443405,0.265637
0,1,0,72.93,15.86,4.609867,0.167344
0,0,1,73.22,14.96,0.568614,0.657772
1,0,1,149.97,5.35,0.175438,0.79895
1,0,1,107.4,5.0,0.953288,1.157553
0,0,0,45.0,21.97,0.164625,0.323989
1,0,0,120.6,11.75,0.334013,0.365863
1,1,1,137.04,10.83,18.43248,0.990544
0,0,1,53.68,23.47,0.38963,0.497442
1,1,1,124.01,6.21,1.537983,1.062937
0,1,1,66.55,17.97,10.855695,0.699545
0,1,1,72.63,24.47,4.720738,0.415154
1,1,1,97.93,5.0,5.234007,0.483154
0,0,1,77.31,5.0,1.858286,0.730352
0,0,0,64.06,26.18,0.422279,0.318915
0,0,0,85.58,5.0,1.101214,0.256258
0,1,1,68.45,6.4,1.63786,0.354216
1,0,1,121.98,5.0,0.09169,0.657864
1,1,1,119.73,9.07,6.710118,1.146461
0,0,0,81.89,17.03,0.323625,0.252097
0,0,1,61.91,22.75,0.495607,0.804135
0,1,0,85.84,5.0,7.806896,0.255057
1,1,1,89.48,10.87,5.023856,0.487046
0,1,0,67.16,22.53,1.873014,0.352461
1,0,0,114.35,5.0,0.272466,0.35526
1,0,0,110.59,11.26,0.099177,0.303446
1,1,0,135.94,5.0,5.966678,0.285633
1,1,1,90.48,5.0,3.175869,0.358355
1,0,1,79.19,5.0,0.531601,1.19467
0,0,1,86.39,8.7,0.418743,0.385374
1,0,0,123.23,5.01,0.0644,0.257549
1,0,0,119.26,5.0,0.076895,0.33496
0,1,1,58.0,18.2,4.958915,0.98743
0,0,1,82.65,5.0,0.080419,0.921905
1,0,1,99.95,5.0,0.223525,0.796428
0,1,1,65.23,15.49,1.296353,0.37586
1,0,0,92.79,5.0,0.069023,0.361154
0,0,1,64.58,7.5,0.129141,0.732187
0,0,1,66.55,18.89,0.188179,0.841931
1,1,0,112.7,11.12,2.818584,0.375256
0,1,1,62.78,7.99,5.328522,0.662524
0,0,0,95.71,11.19,0.114106,0.155232
1,1,1,115.77,10.84,13.129577,1.162247
0,1,0,72.2,24.23,1.355632,0.371853
0,0,1,62.94,7.25,0.280631,0.507808
0,1,0,67.24,5.0,2.066931,0.231397
0,1,0,56.18,27.29,3.695787,0.364576
0,0,1,64.84,16.76,0.299951,0.540974
0,0,0,59.03,5.0,1.185122,0.153081
1,0,0,105.93,5.0,0.059677,0.288085
0,0,0,84.35,14.62,0.092422,0.312726
0,1,1,61.32,16.65,6.317958,0.877647
0,1,1,89.96,5.0,10.291869,0.573281
0,1,0,66.05,20.52,2.588188,0.23319
0,0,1,92.21,5.0,0.393082,0.994626
1,1,1,116.39,8.54,7.21757,0.637637
0,0,0,72.11,5.78,0.479238,0.262008
0,0,0,75.29,6.75,0.583974,0.272595
0,1,0,73.53,13.59,0.799942,0.298958
1,1,1,104.46,12.98,4.165138,1.006662
1,1,1,123.46,5.0,43.944733,0.368316
0,0,0,78.68,5.0,0.656317,0.206514
0,0,0,80.61,18.21,0.061753,0.299839
1,1,1,122.04,5.0,9.419047,0.725982
0,0,0,65.5,30.26,0.570999,0.22918
1,1,1,119.67,5.0,20.806663,0.388441
0,0,1,52.58,35.77,0.471046,0.458186
1,1,0,118.92,5.0,7.710208,0.316999
1,1,1,132.45,5.0,16.340058,0.834291
1,1,1,91.42,10.79,5.43429,0.712996
1,1,1,119.98,5.0,2.023308,0.562802
0,0,1,91.62,11.66,0.48624,1.113229
0,1,1,85.49,6.02,3.513336,1.150563
0,0,1,62.55,15.64,0.184109,1.002569
1,1,0,135.27,5.0,1.998872,0.153367
0,0,0,63.27,6.26,0.796721,0.237647
1,0,0,116.82,6.02,0.164163,0.246511
1,0,0,124.21,5.0,0.372704,0.289345
1,1,1,92.94,11.99,14.930539,0.485652
1,0,0,96.38,5.0,0.06808,0.296344
0,1,1,72.89,5.0,4.717439,0.793798
0,0,1,86.82,8.35,1.490962,0.764128
0,0,0,58.17,24.0,0.342365,0.198733
1,1,1,102.41,6.05,2.322308,0.425844
0,1,1,46.0,16.27,2.351909,1.170306
0,0,0,70.15,18.13,0.315242,0.377066
0,1,0,77.94,5.0,9.770187,0.235348
0,0,1,76.87,5.0,0.448641,0.972893
0,1,1,82.99,17.88,8.06473,0.890778
1,0,0,90.47,5.0,0.753666,0.171833
1,0,0,90.63,5.0,0.084893,0.391774
1,0,0,136.66,8.74,0.197952,0.349001
0,1,0,85.83,5.0,11.569093,0.19258
1,0,1,96.55,8.08,1.157912,1.185066
1,0,0,101.16,5.0,0.258046,0.271483
0,1,0,74.48,29.03,2.976493,0.325384
0,0,0,73.72,31.51,0.182651,0.237535
0,0,0,52.36,37.0,1.163551,0.347164
1,0,0,149.32,5.0,0.282874,0.240393
0,1,1,49.3,10.51,13.452428,0.618879
0,0,1,90.41,5.0,1.009834,0.370044
1,1,1,118.85,16.01,5.865007,0.461851
0,1,1,69.93,6.86,5.435046,0.64437
1,0,1,106.58,5.0,0.192078,1.044219
0,0,1,86.77,11.64,0.142329,0.632223
0,0,1,72.63,18.21,0.419317,0.533738
1,0,0,102.54,5.0,0.097914,0.265055
1,0,0,138.32,5.0,1.644323,0.291527
1,0,1,149.36,5.0,0.56533,0.867142
1,0,0,160.0,13.42,0.188108,0.207598
1,0,1,99.07,5.0,0.934022,0.515731
0,1,1,90.79,5.0,3.491412,0.980967
0,0,0,64.21,23.76,0.459236,0.331761
0,0,0,55.7,23.01,0.241421,0.235596
0,1,1,51.55,19.76,17.734176,0.804467
1,1,0,130.85,11.92,2.46285,0.359299
1,1,0,120.45,14.09,4.614918,0.311073
0,0,1,79.46,5.0,0.158886,0.522321
1,1,1,145.58,5.0,9.371351,0.402547
1,1,0,128.84,5.0,19.615848,0.186753
0,0,1,76.0,12.11,0.075525,0.904353
0,0,0,86.33,17.47,0.559223,0.282899
1,1,0,110.71,5.0,15.903992,0.402068
0,0,0,86.24,10.31,0.249953,0.372629
1,1,1,100.97,10.01,8.665825,0.793758
1,1,0,92.02,5.0,7.421648,0.280743
0,1,1,96.72,5.0,4.403393,0.659342
1,0,0,114.13,5.0,0.333891,0.217891
1,0,0,85.47,5.92,0.271569,0.398438
1,0,1,129.2,18.52,0.924593,1.081383
0,1,0,62.51,17.3,35.141527,0.337452
1,0,0,113.72,14.47,0.138288,0.153011
0,1,1,74.1,10.53,18.645158,0.493804
0,1,0,85.83,18.13,7.286707,0.239815
0,1,1,70.87,15.48,5.91445,0.382073
0,0,0,69.36,5.0,0.444117,0.26995
0,1,0,79.19,13.54,4.372307,0.366906
1,1,1,134.49,19.15,12.615607,0.839106
1,1,0,128.05,5.0,2.680799,0.332246
0,0,1,81.85,5.0,1.18564,0.968174
1,1,1,145.19,22.03,3.871582,1.136449
0,0,0,76.8,9.9,0.166665,0.287986
1,0,0,112.08,8.78,2.438098,0.23264
0,0,0,72.06,13.68,0.094513,0.279018
0,1,0,71.86,16.63,9.39071,0.202795
0,1,1,59.03,5.0,3.807837,0.40247
0,0,1,69.79,5.0,0.068443,0.895388
1,0,0,95.39,5.0,0.210905,0.283232
0,0,1,54.45,19.96,0.646609,0.734458
0,1,1,67.27,25.72,20.531089,0.549847
0,0,1,64.06,5.0,1.26689,1.099723
0,1,0,61.21,30.26,10.766178,0.301866
0,0,0,73.08,17.87,0.137452,0.167472
1,1,1,112.24,5.0,4.535144,0.555157
0,0,0,77.29,5.0,0.394564,0.20775
0,0,1,80.22,20.82,0.281457,1.037379
1,1,1,160.0,9.19,6.941287,1.08311
0,1,1,70.95,12.06,1.429034,0.996106
1,0,1,79.71,5.81,0.947223,1.038424
1,1,0,93.37,5.0,32.258946,0.223944
0,1,1,90.57,5.51,4.741146,0.605105
0,1,1,70.65,14.88,7.401783,0.594301
1,0,0,136.48,8.29,0.734604,0.282447
1,1,0,120.79,14.96,1.951067,0.218102
0,0,0,92.71,5.0,0.242198,0.297489
0,1,0,71.37,9.69,3.685773,0.180053
0,0,1,71.48,10.65,0.231673,0.371873
0,1,1,62.14,8.64,28.188596,0.403148
1,0,0,104.13,18.41,0.072619,0.182533
1,0,1,92.24,5.0,0.291502,1.124384
0,0,0,69.0,13.2,0.139013,0.34006
0,0,0,81.5,12.48,0.606873,0.241501
0,1,1,74.42,5.0,5.050662,0.750139
0,0,0,84.1,5.0,0.477604,0.315135
0,1,0,77.59,9.53,13.517535,0.330241
1,0,0,101.24,9.78,0.392001,0.193442
1,1,1,85.57,14.38,14.76432,0.725947
1,1,0,144.64,5.0,2.360863,0.208559
0,1,1,66.31,7.59,1.940576,0.423111
0,0,1,59.74,25.22,0.159974,1.014395
1,1,1,87.84,22.08,18.774244,1.022529
1,1,1,121.7,5.0,4.291681,0.789584
0,0,0,64.3,10.24,0.526035,0.157818
0,1,0,67.29,14.53,5.990891,0.164438
0,1,0,73.19,17.68,4.25389,0.215815
0,1,0,57.33,21.0,9.046341,0.158123
0,0,1,56.39,16.73,0.277494,0.830635
0,1,1,94.57,13.28,1.146136,0.887664
1,0,0,113.3,5.0,0.817724,0.192351
0,1,0,66.72,5.0,9.756894,0.374322
1,1,1,134.35,5.0,2.441317,0.914847
0,0,1,46.36,22.89,0.82945,1.172264
0,1,0,72.52,20.23,32.601841,0.196109
1,0,1,114.72,5.0,1.136822,0.629225
1,0,0,122.39,9.6,0.378931,0.23966
0,1,1,45.0,38.05,9.000228,0.83517
0,0,0,80.05,21.73,0.361344,0.388826
1,0,1,108.6,5.0,0.826973,0.404083
1,0,0,115.64,11.37,0.387293,0.321611
1,0,0,139.58,5.0,0.912225,0.171483
0,1,1,59.87,6.94,2.313515,0.571493
0,0,0,81.55,20.64,0.198014,0.249724
0,0,1,76.63,5.6,0.485774,1.097415
1,0,1,131.59,5.0,0.106872,0.738558
0,1,1,104.47,11.1,3.603197,1.054128
0,0,0,60.37,19.21,1.432791,0.255286
0,0,1,60.65,5.0,0.301373,0.721523
0,0,1,81.09,7.28,0.211582,0.862814
1,1,0,123.73,28.63,3.01986,0.328904
0,0,0,74.03,11.83,0.119519,0.237446
0,1,1,66.15,15.53,1.002315,0.956066
0,1,1,64.71,15.54,6.407641,0.861387
0,0,0,62.65,23.85,0.516943,0.324866
0,0,0,74.06,9.15,0.468289,0.375669
1,0,0,110.77,11.41,0.197166,0.245605
0,0,0,87.27,5.0,1.273376,0.375797
0,0,1,74.5,17.49,0.267718,0.875263
0,1,0,72.41,5.0,47.246037,0.215536
0,1,0,64.84,24.22,19.894645,0.3774
0,0,1,76.63,23.06,0.274249,1.165422
0,1,1,81.57,7.16,2.546548,0.901994
1,1,0,132.6,10.97,2.769901,0.231185
0,1,1,60.16,28.43,11.60127,0.682091
0,1,0,91.67,5.0,2.154551,0.362189
1,1,0,97.26,5.0,2.299127,0.271938
1,1,0,140.32,5.0,5.982973,0.230433
0,1,1,76.44,11.81,7.913682,0.719938
1,1,0,132.57,6.1,6.780857,0.175942
0,0,0,69.04,5.0,0.075706,0.251699
0,0,0,68.32,21.98,0.318888,0.263329
0,1,1,56.21,15.62,7.195676,1.048992
0,0,0,52.35,5.0,0.183577,0.200923
0,0,0,67.68,6.82,0.175045,0.249242
1,1,0,125.32,10.95,5.292485,0.209364
0,1,0,75.08,11.84,34.163644,0.229336
1,0,1,120.78,26.0,0.43188,0.986818
0,0,1,76.72,17.96,1.292583,0.362069
0,1,1,67.68,5.0,7.007331,1.006996
1,0,0,100.5,16.33,0.156603,0.279538
1,1,0,124.41,5.0,27.527068,0.167586
1,0,1,102.62,5.55,0.101851,0.713346
0,1,1,66.92,5.0,0.927828,1.081327
0,1,0,78.39,10.98,24.567218,0.213263
0,0,1,66.87,7.65,0.191698,0.581136
1,1,0,103.75,5.0,2.890728,0.334724
0,0,0,71.98,5.0,0.114084,0.171574
1,0,1,126.9,5.0,0.587024,1.143385
0,1,0,82.15,5.0,10.770205,0.217045
0,0,0,77.6,5.0,0.131252,0.2719
1,0,0,75.0,5.0,1.136107,0.207528
1,0,0,98.13,5.0,1.692316,0.259985
0,1,1,63.23,6.72,12.657443,0.757026
0,0,0,51.57,16.88,0.533928,0.179307
1,0,0,106.06,5.0,0.328274,0.351946
1,0,0,115.24,5.0,0.519798,0.2374
1,1,0,109.7,5.0,4.218413,0.251327
1,1,0,104.7,5.0,10.180313,0.319356
0,0,0,67.73,18.88,0.865738,0.25891
0,1,0,81.96,9.17,11.619068,0.173988
0,1,0,80.27,14.5,2.632986,0.239941
0,0,0,103.01,14.65,1.044457,0.221653
1,0,1,132.98,5.0,0.660051,0.462195
0,1,1,83.86,5.0,0.971527,0.763979
1,1,0,113.97,19.49,6.649209,0.244192
0,1,1,84.63,22.58,1.210298,0.646883
0,1,0,68.83,6.35,2.772306,0.191886
1,0,1,146.23,17.87,0.296543,0.448355
1,1,1,116.75,8.29,0.88116,0.558851
0,0,1,67.64,18.49,0.562498,0.412812
0,0,0,68.25,12.33,0.16393,0.227752
0,1,1,63.74,19.1,1.738355,0.853451
0,1,1,77.88,29.78,2.335389,1.128091
1,0,1,92.27,7.62,0.072892,0.620643
0,0,1,75.21,15.99,0.561337,0.794393
0,0,0,79.9,25.2,0.652319,0.281417
0,1,0,86.93,5.0,2.386833,0.278528
1,0,0,107.42,16.47,0.414325,0.310543
1,0,0,97.04,10.89,2.524217,0.183253
0,0,0,68.79,38.24,0.953865,0.369185
1,1,1,124.52,5.0,3.169293,1.027427
0,1,1,68.19,12.29,1.522891,1.006697
0,1,0,71.39,5.0,3.427965,0.261816
0,1,0,81.64,5.0,9.081979,0.191801
0,1,0,72.47,5.0,2.190791,0.230942
0,0,0,72.34,11.81,0.137883,0.26727
0,0,0,63.68,14.03,0.086489,0.389981
0,1,1,81.24,11.12,2.129258,0.833985
1,0,1,120.01,10.09,0.628757,1.139655
0,1,0,67.8,16.37,3.547568,0.154926
0,0,0,57.14,29.31,1.231989,0.345136
0,0,0,61.77,8.19,0.119951,0.22489
0,0,0,65.23,32.51,0.199508,0.38692
1,1,1,96.02,13.75,4.157821,1.180734
1,1,0,104.21,5.0,8.701598,0.242094
1,0,1,119.76,12.92,0.054202,0.72046
1,0,0,116.93,17.75,0.774621,0.345202
0,0,1,77.73,10.89,0.945671,0.629509
1,0,0,115.61,5.0,0.127163,0.278052
0,1,0,80.45,9.99,17.212913,0.271693
0,0,0,48.1,19.25,0.087665,0.152084
0,0,0,80.03,12.63,0.514465,0.199206
0,1,0,72.95,9.32,1.083711,0.307422
0,1,1,55.92,10.94,6.118767,0.541143
0,0,0,61.82,16.24,0.16063,0.255866
0,1,0,45.0,31.4,2.891008,0.279795
0,0,1,84.72,17.43,1.726477,0.477552
0,0,1,96.5,5.0,1.011139,0.561696
0,0,0,72.9,30.4,0.14271,0.359747
0,0,0,52.88,17.36,0.931824,0.240812
0,0,0,90.68,5.0,0.900398,0.246117
1,0,1,116.53,5.0,1.807037,0.784512
0,0,1,66.89,32.77,1.040342,0.374393
1,1,1,95.55,5.0,3.928346,0.954269
0,1,0,51.2,25.2,5.266919,0.256037
0,0,0,80.51,7.73,0.49063,0.340859
0,1,1,84.78,5.0,3.537234,0.765314
0,1,0,60.93,22.23,25.275447,0.227247
0,1,1,79.23,5.0,7.669725,0.93167
1,1,0,110.47,5.0,17.283101,0.210681
1,1,1,115.23,15.1,1.17449,0.457547
0,0,0,55.28,10.78,0.603062,0.206978
0,0,0,65.66,8.94,0.134515,0.263496
0,0,1,82.8,5.38,0.344974,1.076248
1,1,0,139.75,5.0,2.39912,0.233485
1,0,1,160.0,5.0,0.085818,0.957903
0,0,1,59.83,14.07,0.376445,1.156298
0,0,0,82.88,16.72,2.002965,0.213923
0,0,0,71.5,32.43,0.309412,0.171673
1,0,0,127.87,5.0,0.2576,0.371893
1,1,1,140.68,5.0,0.504783,0.412487
1,0,1,142.11,12.7,0.239487,1.175025
1,1,0,97.15,15.19,0.930649,0.191652
1,1,0,100.25,11.83,4.022763,0.392289
0,1,1,82.76,5.0,13.172598,0.729333
0,1,1,67.65,10.18,3.534522,0.485944
1,0,0,111.58,18.64,1.520241,0.156722
0,0,0,70.72,20.95,0.068067,0.229549
1,1,1,111.1,8.43,2.291234,1.111342
0,0,0,71.92,24.56,0.743845,0.399461
1,0,0,107.27,5.0,0.142563,0.155206
1,1,0,107.73,5.0,9.18372,0.220988
1,1,0,91.78,7.68,1.116758,0.359996
0,1,0,63.04,16.76,2.034272,0.354399
0,1,1,74.42,5.0,1.038816,0.83948
0,1,1,81.52,32.31,2.563317,0.378261
0,0,1,60.15,5.16,0.423315,1.120968
1,0,0,103.09,5.09,0.101405,0.177284
1,1,1,133.34,11.06,7.020538,0.929469
1,1,1,123.13,5.0,1.572683,1.055254
0,0,1,82.77,5.0,1.867432,0.501351
0,1,0,81.94,5.0,1.025842,0.318604
1,0,1,112.68,5.0,0.073315,0.812534
1,0,1,100.74,5.0,1.209804,0.793743
1,0,0,124.42,5.0,0.405179,0.186887
0,1,0,58.84,17.46,4.772086,0.290475
0,1,0,53.91,23.39,13.716339,0.37852
0,0,1,84.1,28.69,0.581753,0.895661
0,0,0,73.15,13.13,0.231688,0.307142
0,0,0,56.53,5.0,1.27014,0.205674
0,0,0,63.42,8.95,0.754338,0.23581
0,0,0,63.22,9.3,1.849114,0.277303
0,0,1,89.11,5.0,0.079812,0.623862
0,0,0,92.22,5.0,0.224359,0.289113
0,0,1,66.26,28.09,0.562519,0.599473
0,0,1,63.4,8.78,0.09737,0.532494
0,1,1,67.16,31.47,2.600953,0.41373
0,1,1,64.03,22.87,8.483006,0.844253
1,0,1,104.03,5.0,0.582077,0.549315
0,1,0,61.0,5.0,1.067064,0.165982
1,0,1,111.91,5.0,0.134245,0.81694
0,0,0,94.17,5.0,0.084238,0.390197
0,1,1,69.5,25.28,10.408119,0.497723
0,1,1,72.89,6.2,1.841583,0.501059
1,1,1,112.19,5.74,2.41153,1.078003
0,0,1,61.98,12.47,0.451835,0.788933
0,0,1,87.35,20.1,0.720784,0.867092
1,1,1,142.21,5.0,3.87711,0.660681
1,1,0,125.62,5.0,13.22747,0.164989
0,0,1,70.27,28.46,0.573349,1.170737
0,1,0,82.49,15.82,0.65671,0.29032
1,1,1,132.78,5.0,1.804765,0.541941
0,0,1,60.58,5.0,0.381573,0.719379
0,1,1,72.61,5.0,1.233105,0.675401
0,1,0,61.14,15.3,7.840495,0.218186
1,0,1,136.99,10.12,0.82954,1.189159
0,1,0,57.93,33.06,0.729596,0.221244
1,1,1,106.07,5.0,2.783698,0.837504
0,1,0,79.58,11.53,5.07185,0.331698
1,0,1,82.8,17.7,0.104506,0.577613
1,0,0,104.66,21.12,0.161551,0.283869
1,0,1,100.32,5.0,0.672224,0.858065
0,0,1,87.39,5.0,0.18928,0.889421
1,1,0,104.55,13.49,4.779146,0.360233
1,0,0,89.21,5.0,0.725668,0.290794
0,0,0,82.36,21.48,0.0982,0.307963
0,1,0,81.83,5.0,4.793972,0.22153
1,0,1,122.31,5.0,1.442934,1.002626
0,0,1,80.14,11.6,0.367185,0.790815
0,1,1,97.77,5.83,3.279791,0.945659
0,0,0,45.15,40.29,0.459689,0.381655
0,1,1,83.26,5.0,2.023529,0.399877
0,0,1,71.71,15.22,1.274679,0.816706
1,1,0,126.82,5.0,0.736481,0.203602
1,0,1,90.46,16.58,0.120104,0.520409
0,1,1,50.39,46.46,11.818018,1.041476
0,0,1,79.67,5.19,1.82804,0.966394
0,0,0,62.49,23.29,0.086205,0.253295
1,1,1,122.44,7.73,0.854085,1.027796
1,0,1,99.37,5.0,0.303981,1.102678
1,0,1,133.18,12.33,0.087608,0.597407
0,0,1,67.43,10.06,0.705013,1.123303
0,1,0,71.76,16.02,10.031234,0.243033
1,1,1,91.92,23.84,6.913317,0.661907
1,0,0,109.7,5.62,0.121238,0.168199
0,1,0,60.88,8.34,8.601451,0.16774
0,0,0,62.39,28.8,0.120204,0.179603
0,1,1,59.85,13.62,3.762992,0.904445
0,0,0,87.77,5.74,0.700705,0.25118
0,0,0,87.84,5.12,0.818589,0.260243
0,1,0,68.67,5.0,3.492928,0.318188
0,0,1,81.85,5.0,0.136259,0.458556
0,0,1,57.32,5.0,0.077907,0.419994
0,0,1,61.09,15.04,0.369515,0.98177
1,0,0,131.98,5.0,0.79356,0.369245
1,1,0,114.77,5.0,2.965222,0.247012
0,0,0,64.23,19.77,0.184127,0.311086
0,0,0,74.05,5.0,0.108752,0.177072
0,0,1,45.24,40.81,1.544589,0.68654
0,1,0,86.2,5.0,31.650309,0.369349
1,1,1,120.34,5.0,3.878696,0.830578
0,1,0,75.28,5.0,1.915515,0.212342
0,1,0,76.24,21.26,4.509087,0.400297
0,1,0,78.19,29.0,1.876766,0.270053
0,0,1,69.53,28.17,0.740321,0.964431
1,1,0,109.95,5.0,7.528411,0.163686
1,1,0,119.58,5.0,1.716838,0.337284
1,1,0,110.07,14.46,5.352161,0.176428
0,0,1,69.87,19.63,1.354717,0.411419
0,1,1,66.1,12.87,2.51261,0.758448
0,0,1,45.0,25.53,0.400981,0.593278
0,1,0,63.54,15.5,2.514253,0.392722
0,1,0,92.22,8.55,1.656186,0.360125
1,1,0,127.17,19.64,2.126246,0.15592
0,0,0,75.71,7.73,0.268207,0.377068
0,1,0,88.01,6.49,5.077379,0.225981
1,0,0,78.92,5.46,0.62738,0.2664
1,1,1,114.78,14.43,4.13104,0.909836
0,0,1,64.76,8.04,1.135227,1.134772
0,1,1,59.93,17.19,3.811129,1.038384
0,0,1,70.39,5.0,0.185217,1.070348
0,1,0,76.09,10.29,6.20247,0.1614
0,1,1,72.32,21.25,2.768438,0.713341
1,1,1,126.72,8.28,11.496656,0.777378
0,1,1,66.28,31.0,1.017735,1.117225
1,1,0,75.0,16.6,1.471803,0.357472
0,1,0,55.48,7.76,2.242048,0.248496
0,0,0,71.49,29.42,0.104933,0.342656
1,0,1,105.92,5.0,0.210958,0.856842
0,1,0,59.11,15.98,2.214504,0.259395
0,0,0,75.58,9.74,0.312626,0.22723
0,1,0,73.56,26.37,9.121289,0.206352
0,1,1,75.0,18.05,4.924392,0.735739
0,0,1,81.6,8.59,0.553463,0.853217
0,1,0,83.9,19.59,9.021325,0.204347
0,0,0,76.94,11.51,2.25744,0.154184
0,1,0,45.0,17.38,3.762698,0.288943
0,1,0,68.07,5.0,5.830189,0.365029
0,0,1,74.91,19.97,0.364465,0.938301
0,0,1,66.37,22.24,0.207256,0.732724
0,1,1,74.61,12.15,2.4452,1.014246
0,1,1,60.96,21.99,5.893699,1.027543
1,1,0,108.95,5.0,16.30583,0.251042
0,1,0,57.94,5.92,2.204224,0.158944
1,1,1,98.64,5.0,2.36729,1.165044
1,0,0,106.46,5.0,2.046302,0.386787
0,1,1,68.93,12.9,27.362548,0.622554
1,1,1,116.27,20.63,21.319883,0.725239
0,0,1,80.76,10.58,0.190762,0.927851
0,0,1,53.35,35.28,0.48841,0.512345
1,1,0,142.26,7.25,31.46236,0.221643
1,1,0,140.55,5.0,4.425779,0.217891
1,0,1,123.27,5.0,0.240308,0.998394
1,1,1,86.59,5.0,2.500757,0.946884
0,0,0,85.6,5.56,0.283249,0.356854
0,1,1,62.24,7.91,1.141522,0.887717
0,0,0,70.25,13.95,1.823678,0.380283
1,1,1,115.42,18.54,9.440518,1.038929
1,0,1,97.37,5.16,0.120327,0.963859
0,1,0,93.4,17.04,0.922608,0.248798
0,0,0,90.55,14.85,0.552184,0.22492
1,0,1,111.41,5.03,0.069932,1.150518
1,1,1,75.0,23.26,3.798571,0.492503
0,0,0,63.06,31.8,0.079511,0.302473
0,0,1,81.1,23.29,0.675198,0.762606
1,0,0,103.74,5.0,0.410096,0.164529
0,0,0,76.9,7.65,0.280476,0.341389
1,1,1,75.0,5.0,25.219586,0.395992
1,0,1,100.95,5.0,0.21233,1.107105
0,0,1,58.62,28.13,0.159593,1.012131
0,0,0,85.41,16.7,0.070727,0.338807
1,1,0,117.47,9.3,6.339458,0.316057
1,1,0,105.73,5.0,7.444272,0.198095
1,1,1,127.99,5.0,10.922291,0.418337
0,0,0,59.48,16.09,0.600737,0.248973
0,0,0,84.21,18.04,0.283589,0.309026
0,0,1,63.5,5.0,0.12596,1.137497
1,1,0,135.04,14.52,10.048867,0.267723
0,1,0,78.35,5.0,10.76783,0.176346
0,0,1,68.79,18.21,1.387169,0.554682
0,0,1,53.14,31.9,0.431814,0.596681
0,0,0,61.18,5.0,1.243948,0.160369
0,0,0,76.28,35.35,0.704475,0.21396
0,0,1,90.05,5.0,0.622696,0.850796
0,1,1,87.87,5.0,3.70403,0.621709
0,0,1,75.32,21.42,1.678698,1.219731
0,1,1,76.97,5.0,0.733679,0.5745
0,0,1,61.28,30.06,1.023632,1.099096
0,1,0,62.29,11.76,10.636831,0.334106
0,0,0,83.47,10.64,0.207609,0.261264
0,0,0,53.47,5.0,0.487194,0.390684
0,0,1,67.89,29.77,0.143356,0.471355
0,1,0,67.02,6.56,3.092705,0.154189
0,1,1,68.51,13.26,4.538423,1.041005
1,0,1,104.74,5.0,0.158331,0.705166
0,1,1,58.99,5.0,39.533496,1.01606
0,1,0,55.6,5.0,14.82748,0.27845
0,1,0,72.34,15.31,12.22363,0.293924
1,1,0,139.54,5.0,2.616376,0.314178
0,1,0,59.48,23.39,0.678766,0.172454
0,0,0,45.0,23.33,0.054994,0.325592
1,1,0,107.79,16.13,0.50167,0.319265
0,1,1,80.9,11.31,3.493608,0.848491
0,1,0,65.5,5.0,2.843527,0.322202
0,0,1,85.03,5.8,0.330468,1.117345
0,0,0,54.61,25.3,0.534172,0.161667
0,1,0,69.05,6.38,1.180882,0.307909
0,0,0,62.3,12.89,0.209413,0.373516
0,1,1,65.75,19.62,11.207412,0.593419
1,1,1,102.59,6.32,23.651855,0.6165
0,1,1,78.77,19.15,3.241382,1.102489
0,0,0,80.22,19.65,0.647612,0.386705
0,0,0,90.26,5.0,0.785845,0.311068
0,1,0,79.23,18.14,4.793656,0.177592
0,0,1,59.14,26.38,0.263402,0.683072
0,1,1,65.31,33.45,15.443923,0.73398
0,1,0,82.29,19.32,1.566018,0.194655
0,0,1,75.24,5.0,0.745026,0.562851
0,1,1,75.22,5.0,0.931131,0.790833
0,1,0,81.53,12.57,5.504311,0.164998
0,1,0,64.15,32.63,5.832618,0.238112
0,0,0,78.54,5.0,0.198514,0.157515
0,1,0,97.61,5.0,4.247906,0.303482
1,1,0,123.48,5.0,4.093364,0.352634
0,0,0,86.67,5.0,0.134467,0.333544
1,1,1,97.47,10.03,40.99416,1.172448
0,1,1,70.8,34.3,12.16311,1.112895
1,0,0,133.13,5.0,0.22764,0.323075
1,1,0,145.47,5.0,38.81988,0.361909
0,1,1,71.28,22.13,10.098412,0.832412
0,0,0,91.84,12.68,0.591172,0.265119
1,1,0,111.6,7.32,11.529437,0.348998
0,1,1,81.61,7.76,1.315402,1.06725
0,0,0,86.22,19.32,0.357084,0.17539
1,1,1,147.94,5.0,9.186385,0.391109
1,0,0,120.32,5.0,0.837577,0.351705
0,0,0,82.3,5.0,0.934922,0.347932
0,0,1,82.56,31.01,0.283933,0.935148
0,0,1,67.84,27.35,0.260108,0.657031
1,1,1,110.9,5.0,0.714091,1.170068
0,1,1,84.33,9.17,1.891761,1.126633
0,0,1,61.61,17.6,1.500294,0.36374
0,0,0,75.48,13.39,0.331272,0.36757
0,1,1,45.0,31.02,10.439743,0.784095
1,0,0,125.41,5.0,0.364765,0.3654
0,1,1,94.0,5.0,4.4628,0.64209
0,0,0,83.15,6.11,1.535374,0.177983
0,0,1,94.55,5.0,0.151118,0.91414
0,0,0,65.65,12.18,0.080687,0.25739
0,0,1,73.84,6.61,0.526553,0.815087
1,0,0,107.28,5.0,0.394153,0.172165
1,1,1,96.62,10.7,3.614645,0.950755
0,1,1,55.18,5.0,4.535157,1.04779
1,0,0,93.71,10.87,0.167394,0.220102
0,0,1,52.58,13.94,0.152453,0.784664
0,1,0,87.78,5.0,2.878662,0.238595
0,0,1,60.72,9.5,0.345603,0.715195
0,0,0,64.22,22.07,1.153468,0.29702
0,0,0,62.53,14.83,0.061689,0.248038
1,1,0,105.49,5.0,3.34651,0.375202
1,0,0,130.25,5.0,0.451126,0.372105
0,0,1,65.14,5.0,0.479845,0.361476
0,1,0,72.69,5.0,1.755561,0.371719
1,0,0,122.88,8.11,0.48475,0.243887
0,0,1,88.17,6.82,0.378552,0.787741
0,1,0,59.71,19.65,4.709551,0.215302
0,1,1,72.46,5.0,1.451505,0.617183
1,0,0,135.02,5.0,0.229657,0.154839
1,0,1,134.78,26.76,0.166637,0.496123
1,1,0,111.97,6.17,15.227659,0.189875
0,0,1,82.59,11.95,0.736192,0.887911
1,0,0,90.62,5.0,0.097158,0.157305
0,0,0,74.47,5.0,0.122362,0.37138
1,0,1,98.69,5.0,0.104313,0.852939
0,1,0,79.95,5.0,6.018637,0.277933
1,1,1,75.75,5.0,9.141375,0.495061
0,0,0,89.83,11.75,0.297249,0.366511
0,1,0,80.54,5.36,9.496913,0.285894
0,1,0,57.21,31.63,25.737988,0.157151
1,1,1,127.38,6.83,8.220729,0.451151
1,1,1,136.24,5.67,5.46478,0.861859
0,1,1,75.52,5.0,5.478412,0.398691
0,1,1,63.2,21.94,1.423098,0.6166
1,1,1,119.52,11.74,10.734512,0.490803
0,0,1,75.47,5.1,0.119062,1.004421
0,1,1,77.08,33.63,23.786214,0.90385
0,1,0,85.16,5.0,9.542052,0.173027
0,0,0,75.66,5.0,0.255236,0.233355
0,0,0,81.15,5.0,0.91146,0.196656
0,1,0,72.96,5.0,3.038071,0.338639
0,0,1,75.51,5.0,0.182419,0.571781
0,0,0,89.23,20.83,0.549228,0.346426
0,0,0,71.73,5.0,0.129239,0.27556
0,0,0,68.89,14.99,0.778482,0.316897
0,1,0,70.27,18.3,30.761487,0.329028
0,1,1,87.33,5.0,9.067968,1.114791
0,1,0,92.42,6.04,2.716848,0.376655
1,0,1,91.07,24.68,0.261403,1.023819
1,1,1,132.85,11.06,5.87661,0.921945
0,0,1,95.55,5.0,0.265924,0.591314
1,1,0,115.03,6.03,1.304759,0.235018
1,1,1,130.99,9.96,3.429486,1.119216
0,0,1,83.77,5.73,0.126433,0.715928
0,0,0,64.57,10.27,0.132667,0.270855
0,1,1,73.04,12.43,1.644063,0.787172
1,1,0,112.45,6.49,2.595401,0.207131
0,1,0,81.97,22.18,1.500939,0.380044
0,0,1,56.61,37.55,0.183799,0.765386
0,0,1,68.18,7.83,0.163796,0.415907
0,1,1,93.23,9.93,17.718725,0.809795
0,1,1,67.09,18.22,0.997092,0.675101
1,1,0,107.91,5.0,4.249135,0.264749
1,1,0,114.77,16.61,3.43842,0.216312
1,0,1,144.07,5.0,1.086145,0.955853
1,1,1,134.1,12.4,32.611524,0.830008
0,1,1,69.98,5.0,28.876227,0.920428
1,1,1,87.19,10.28,6.042105,1.038245
0,1,1,63.81,22.53,12.342488,0.764554
0,0,0,76.12,5.0,0.251332,0.361063
1,1,1,139.31,5.0,2.106535,0.74063
0,1,0,76.86,9.63,1.318902,0.220882
0,1,1,67.78,11.29,25.953009,0.379123
0,0,0,81.61,9.37,0.322218,0.300983
0,1,0,87.43,5.0,1.694693,0.289264
0,0,1,78.59,5.15,0.07922,0.842714
0,1,1,70.88,14.49,0.762426,0.850622
1,0,1,97.51,15.42,0.56025,1.118425
0,0,0,85.02,7.54,0.345889,0.172864
1,1,0,128.2,10.13,18.189941,0.320809
0,1,1,67.96,5.0,5.942987,0.87655
0,1,1,72.14,5.0,2.16711,1.158903
0,1,1,71.06,5.0,1.128541,0.98691
0,0,0,85.76,28.23,0.078468,0.368632
0,0,1,45.0,7.5,0.135996,0.444145
0,0,0,76.84,22.38,0.19265,0.210166
0,0,1,53.53,5.0,0.084089,1.206352
1,1,1,110.2,11.02,3.337636,0.549453
1,0,1,109.06,5.0,0.415852,0.764103
0,0,1,63.43,6.82,0.139935,0.630238
0,1,0,80.28,17.98,2.05068,0.389354
0,0,1,65.13,9.93,0.143679,0.805789
0,1,0,58.14,33.87,2.123874,0.149609
0,1,0,62.68,22.19,2.047765,0.366278
1,0,0,130.04,5.0,0.234388,0.385629
0,0,1,52.16,33.93,0.151698,0.712333
0,1,0,63.03,32.03,8.058343,0.315734
0,1,1,69.17,10.85,5.071834,0.899596
1,0,0,89.33,5.0,0.128641,0.203636
0,0,0,52.69,14.13,0.264511,0.289254
0,0,1,76.14,19.53,0.256395,0.884176
0,0,1,53.03,19.78,0.168918,0.599383
1,0,0,118.43,21.09,1.050338,0.356106
1,0,0,104.26,5.0,0.100344,0.290408
1,0,0,130.88,7.04,0.311583,0.181169
1,1,0,130.2,5.07,5.428507,0.365719
0,0,1,67.67,5.0,1.009226,1.139595
0,0,0,76.58,5.0,0.273372,0.209388
0,0,0,72.44,15.57,0.571699,0.230611
1,0,0,120.32,7.74,0.401449,0.207454
1,0,0,87.73,13.77,0.491364,0.202825
0,1,1,72.48,20.77,23.296409,1.07558
0,1,1,67.86,5.0,13.271762,0.83069
1,1,0,116.78,5.0,51.77116,0.178729
0,0,0,63.26,24.18,0.21878,0.326474
0,1,1,70.01,5.0,1.588474,0.488605
0,0,1,57.7,7.72,0.207508,0.945123
1,1,1,94.46,5.0,1.656466,0.671787
0,0,0,69.38,5.0,0.552849,0.384013
1,1,1,126.09,5.0,20.924883,0.930533
0,0,1,51.48,9.21,0.07249,0.675612
0,0,0,53.43,25.24,1.221226,0.26513
0,0,1,76.16,16.35,1.196438,0.730867
0,1,0,81.67,5.0,6.528918,0.316042
0,0,0,88.37,13.03,0.411656,0.173756
1,1,1,126.98,6.27,2.79986,0.599114
0,1,1,90.64,5.0,19.240588,1.154373
0,1,0,71.56,9.57,5.76098,0.261832
0,0,0,84.41,5.0,0.278899,0.383667
0,1,1,75.4,9.08,0.589035,0.545334
1,0,0,88.39,14.33,0.08752,0.246791
0,0,1,70.16,8.37,0.195766,0.906251
0,1,0,83.72,5.0,6.859551,0.313599
0,0,0,79.63,18.84,0.28003,0.369131
0,0,1,81.19,12.1,0.525374,0.981484
1,0,1,121.17,6.71,1.046267,0.746979
1,1,1,95.51,5.0,6.040138,0.937068
1,1,1,112.62,16.05,21.543369,0.738309
1,0,0,130.83,12.61,0.441927,0.283928
0,0,0,70.92,10.41,0.187303,0.370695
1,0,1,122.55,5.0,0.060581,0.840485
1,1,0,128.04,19.1,2.773381,0.299239
0,1,1,56.97,23.36,1.313289,0.67854
0,0,1,75.02,24.21,0.183461,0.366682
0,1,1,64.51,5.0,25.223857,1.137744
0,0,0,72.57,5.0,0.352309,0.335436
0,1,1,79.65,5.0,1.899151,0.573621
0,0,0,86.98,11.51,0.296043,0.181007
1,0,0,113.41,5.0,0.77051,0.322775
0,0,1,75.03,11.14,0.582604,0.98997
1,0,1,123.6,12.31,0.132488,0.669777
0,1,0,85.1,5.0,16.436158,0.296229
0,1,0,82.76,5.0,1.727201,0.380993
0,0,0,81.18,5.0,0.175334,0.229488
0,0,0,79.39,5.0,0.067393,0.245087
0,1,0,70.39,24.23,1.106397,0.328726
0,1,0,84.25,31.51,0.727789,0.256623
0,0,1,72.21,5.66,1.391893,0.740329
0,0,1,88.95,12.3,0.107516,1.142608
0,0,0,63.74,18.73,0.167041,0.372362
0,0,1,84.66,5.0,0.508719,0.615969
0,0,1,88.07,5.0,1.062226,0.393044
0,1,0,86.36,7.25,2.238814,0.391755
0,1,0,66.54,16.12,2.716771,0.230251
0,1,0,78.05,12.85,7.751724,0.239752
0,1,0,65.57,34.36,4.938901,0.353602
0,0,0,80.44,7.91,0.238165,0.390733
1,0,1,115.52,5.0,0.207565,0.453289
0,0,0,57.48,15.53,0.414368,0.303004
0,1,1,74.97,5.0,2.141535,0.894542
0,1,0,97.24,7.84,0.982146,0.221203
0,0,1,66.6,7.79,0.512683,0.877668
1,0,0,112.65,21.82,0.380401,0.35712
1,1,1,108.32,15.73,11.127778,0.773255
1,0,1,125.54,5.0,0.380154,0.688062
0,1,1,65.41,5.0,1.320355,0.401764
0,0,1,95.78,5.0,0.487836,0.598021
1,1,1,118.07,19.5,4.625863,0.39826
0,1,1,65.14,27.83,14.713927,1.056823
1,0,0,100.45,5.0,0.262086,0.172012
0,1,1,81.41,5.0,3.367421,0.570704
0,0,0,63.88,5.0,0.490546,0.186182
1,1,0,97.66,5.35,5.690637,0.239225
0,1,1,89.4,5.0,4.617644,0.593988
1,0,1,131.51,5.0,0.071161,0.850053
0,1,0,61.17,16.66,3.969035,0.273446
0,1,0,46.24,30.19,3.480807,0.23812
1,0,0,99.03,5.0,0.465875,0.192468
0,0,0,54.16,32.93,0.510526,0.358247
0,0,0,80.98,7.09,0.733139,0.198321
0,0,1,56.38,5.0,1.115917,0.725082
0,1,1,70.62,5.04,28.037445,0.522499
0,0,0,90.22,7.34,0.113113,0.34196
1,0,1,99.44,5.0,2.217589,0.485176
1,1,1,120.46,13.82,1.731271,1.044372
0,0,1,70.4,13.52,0.109446,0.662921
0,0,0,47.11,28.31,0.1708,0.151898
1,0,1,122.07,10.86,0.764468,0.9108
0,1,1,67.6,9.57,2.97833,0.825447
0,1,1,75.41,5.0,0.667513,0.901941
1,1,1,122.37,9.44,0.956953,1.033931
1,0,0,122.36,15.83,0.483722,0.266113
0,1,0,78.09,9.13,2.580871,0.323336
1,0,1,98.9,5.0,0.289561,0.423342
1,0,0,95.56,5.0,0.332141,0.335524
1,1,1,80.32,5.0,2.791118,0.926975
1,0,0,93.12,5.0,0.320894,0.334273
1,0,0,90.62,5.0,0.792864,0.221836
1,0,1,121.08,5.0,1.212057,0.964378
0,0,1,96.48,5.0,0.58882,0.593671
0,1,0,58.18,5.0,3.417461,0.351631
1,0,1,104.94,21.17,0.448834,0.64542
0,0,1,91.85,5.0,1.275139,0.869748
0,0,1,67.92,25.96,2.178987,0.892635
0,0,1,67.42,27.81,0.301826,0.848894
0,0,1,80.26,6.84,0.273786,1.132593
0,1,0,52.64,27.76,21.519946,0.233784
0,1,0,71.23,10.43,0.888393,0.153896
0,1,0,80.09,11.48,2.771578,0.161931
0,1,0,76.46,22.58,2.013643,0.331042
0,1,1,76.34,16.41,14.61415,0.789489
0,1,1,58.47,19.9,0.897114,1.082398
0,0,1,73.3,13.5,0.444723,1.126526
1,1,0,138.96,5.0,1.817838,0.310741
0,0,1,55.87,5.0,0.29507,0.929269
0,1,0,57.13,34.63,2.247202,0.319217
0,1,0,92.15,5.0,27.049602,0.358903
1,0,0,122.62,25.48,0.487739,0.282982
1,0,0,117.68,19.94,0.764171,0.387536
1,0,1,119.11,5.0,0.075945,0.561624
0,1,1,83.74,16.49,1.052809,0.901946
0,1,0,74.5,26.63,17.141367,0.246978
1,1,0,81.29,5.0,1.317285,0.287519
0,0,1,58.22,29.87,0.664864,0.775475
1,0,0,100.71,17.21,0.750642,0.390579
0,1,1,69.65,5.0,7.953983,0.589001
1,0,1,116.61,16.11,0.253221,1.043212
0,0,0,66.91,5.0,0.136326,0.189651
1,1,0,120.37,11.9,4.205187,0.345471
0,0,0,77.83,24.3,0.279886,0.220571
0,1,1,81.72,5.41,1.342472,0.570128
0,1,0,76.52,5.0,2.220708,0.329778
0,0,0,45.0,44.31,0.242283,0.203432
1,1,1,149.78,21.48,2.881104,1.032508
1,0,1,126.2,5.0,0.355777,0.526768
1,0,0,132.19,5.17,0.506351,0.250782
0,0,0,61.53,19.68,0.507236,0.322042
1,0,1,123.92,5.0,0.240787,1.074837
0,1,0,81.15,15.42,1.244123,0.363493
0,1,0,55.7,26.32,10.625753,0.311439
1,0,1,112.87,5.0,0.593029,0.834282
0,0,1,72.35,5.0,1.372052,0.422608
0,1,1,87.03,6.46,1.457047,0.528309
0,1,0,83.81,5.0,2.006428,0.338376
0,1,1,65.15,8.2,0.599711,0.441703
0,0,1,73.12,28.23,0.270194,1.133629
1,0,0,104.24,11.98,1.598554,0.194021
0,1,1,69.73,5.44,1.427662,0.544104
0,0,1,70.64,5.0,0.278022,0.712918
1,0,0,95.76,12.43,0.32824,0.357236
0,0,1,74.88,5.0,0.446388,0.395027
0,0,0,88.71,20.38,0.270817,0.346742
0,1,1,63.67,14.52,2.767621,1.1538
1,1,0,118.57,17.49,4.375916,0.189758
0,1,1,81.09,17.41,5.910734,0.498924
0,1,1,77.81,5.0,3.290403,0.427619
0,1,1,65.61,5.0,0.973651,0.403361
0,1,1,58.39,24.37,9.71979,0.624536
1,1,1,152.71,17.45,6.268377,1.124011
0,0,1,56.76,33.06,0.144426,1.153341
0,1,0,62.64,17.11,6.185952,0.209421
0,1,1,66.6,26.41,10.559753,1.07914
0,1,0,54.27,25.85,6.752748,0.241948
0,0,1,81.98,28.46,0.59373,1.195612
1,1,0,133.13,5.0,7.959711,0.327197
1,0,0,128.93,5.0,0.424175,0.340176
1,1,1,116.01,5.0,3.681654,0.896296
1,0,0,122.04,11.29,0.135435,0.19127
0,0,0,68.27,5.0,0.13624,0.28897
0,0,1,71.39,6.79,0.888476,0.811343
0,0,1,75.47,8.44,1.524232,0.905057
0,0,0,72.1,32.45,0.545628,0.378077
0,1,0,62.45,22.9,5.143058,0.174365
1,1,0,121.32,9.68,19.471305,0.204005
0,1,1,84.96,18.45,1.952858,0.468484
0,1,0,71.95,6.3,14.453313,0.213317
0,0,0,84.26,5.0,0.138039,0.217677
0,1,1,66.48,11.95,8.000442,0.735267
1,0,0,97.53,17.53,0.404354,0.217143
0,1,1,94.04,5.0,1.557639,0.369545
0,0,0,61.26,9.48,0.562337,0.353236
1,0,1,118.02,5.0,0.332078,0.55789
0,1,1,63.65,18.93,3.414112,1.045044
1,1,1,147.14,5.0,3.709127,0.801452
0,1,1,55.47,13.93,3.108298,0.748959
0,0,0,78.68,5.0,0.265306,0.188962
0,0,0,56.28,28.0,0.301976,0.325041
1,1,1,116.58,5.0,2.848865,0.931419
0,1,1,64.31,46.28,6.025584,1.020798
0,0,0,69.32,19.3,0.992197,0.294707
1,0,1,100.54,5.0,0.586416,0.551976
0,0,1,84.9,5.0,0.50249,0.690566
0,0,0,71.55,9.22,0.282399,0.371309
0,0,0,70.49,14.14,1.870936,0.243529
0,0,0,55.58,26.78,0.107649,0.172942
0,1,1,71.52,15.6,3.591806,0.87856
0,0,0,66.72,8.66,0.167795,0.160849
1,1,1,102.8,9.66,10.754064,0.968061
1,1,1,143.5,5.68,6.239251,0.638252
1,0,1,141.1,18.06,0.096971,0.734316
1,0,0,118.95,5.0,1.449469,0.318213
0,0,0,56.46,18.92,1.421481,0.23083
1,1,1,109.88,26.65,1.333279,0.973084
0,1,1,45.0,49.48,6.609094,0.387912
0,0,0,92.23,14.24,1.216221,0.209285
0,1,1,46.55,31.65,44.494983,0.631314
1,1,1,129.75,13.15,6.448624,0.791444
0,1,1,91.47,8.73,9.392979,0.69755
0,0,0,78.17,32.6,0.234596,0.320584
0,0,1,78.29,5.0,0.520717,0.677224
1,0,0,116.3,10.24,0.508619,0.396802
0,1,1,72.48,6.29,4.432614,0.376258
1,0,1,99.44,5.0,0.137745,1.026836
0,1,1,68.87,15.68,7.5411,0.943464
0,1,1,70.81,10.37,4.72967,0.392799
1,0,1,109.75,5.0,0.732048,0.466733
0,1,1,68.47,5.0,1.909084,0.839123
1,0,0,108.17,6.48,0.365443,0.193776
0,0,0,51.23,16.89,0.209078,0.240791
0,0,0,74.32,9.02,0.091635,0.387294
0,0,1,76.58,5.0,0.182591,0.371081
1,0,0,97.41,5.0,0.802142,0.294864
0,0,1,95.05,5.0,0.604891,0.919836
0,0,1,91.19,5.0,1.433987,0.35575
0,1,0,76.49,5.0,1.048576,0.248968
0,1,0,76.24,5.0,28.908432,0.285981
0,0,1,61.26,13.74,0.190059,0.653854
0,0,0,74.15,11.68,0.535372,0.26635
0,0,0,94.36,5.0,0.454793,0.301892
1,1,1,141.03,5.0,4.015532,1.112462
0,0,1,70.11,14.34,0.709513,0.783381
1,1,1,133.62,5.0,1.120692,0.838855
1,0,0,103.29,5.0,0.668507,0.207938
0,0,0,84.67,21.26,0.411824,0.353928
0,1,0,70.23,19.97,3.613768,0.225912
0,1,1,58.71,13.66,8.536811,1.139976
0,1,0,83.69,11.18,16.702547,0.288317
1,0,1,132.18,5.0,0.983925,0.603755
1,1,1,115.42,5.0,1.154518,0.760292
0,1,0,66.89,5.0,4.729679,0.324461
1,1,0,127.44,7.4,3.177337,0.353039
1,0,1,117.19,5.0,0.12195,1.019656
0,0,1,69.5,8.46,0.464488,1.194316
1,0,0,117.32,6.54,1.030093,0.210407
1,1,0,130.02,5.0,5.127645,0.171422
1,1,1,117.54,11.63,1.679035,0.665544
0,1,1,72.27,12.35,1.505951,0.781511
1,0,1,101.51,5.0,0.488462,1.173694
1,1,0,132.61,5.0,1.648144,0.187277
0,0,1,85.9,5.24,0.424241,0.641822
0,0,0,56.8,24.53,0.128036,0.279182
0,1,1,61.89,5.0,5.809332,0.736218
1,1,1,136.79,11.43,12.207587,1.090744
1,0,0,126.84,5.0,0.354403,0.231029
1,0,1,95.46,11.46,0.644062,0.613367
1,1,0,125.78,8.75,2.994008,0.169332
0,0,1,65.94,9.26,0.304254,0.7216
0,1,1,84.35,28.71,3.16689,1.166599
0,0,0,79.13,15.34,0.255329,0.259965
0,1,1,81.53,5.0,37.0802,0.77251
0,0,1,59.36,7.72,0.302099,1.068122
1,1,1,134.06,5.0,3.835064,0.980952
0,1,1,80.86,10.26,1.526644,0.611564
0,1,0,88.05,5.0,3.830297,0.408094
1,1,0,90.01,5.0,15.338076,0.371564
0,0,1,72.92,17.6,0.138971,0.98082
0,0,0,84.6,5.0,1.241781,0.152253
1,1,1,154.15,5.0,1.02414,0.621403
0,0,1,82.65,5.0,0.474431,0.530623
0,1,0,50.15,24.18,0.98777,0.263898
1,0,1,89.58,8.01,0.556009,1.110136
0,1,1,78.04,5.0,7.889749,0.973952
0,1,1,87.61,19.21,2.280232,0.87974
1,0,1,100.07,19.63,0.114987,0.408644
0,1,0,67.05,5.0,28.373289,0.27595
0,0,0,65.32,18.57,0.076247,0.298801
1,1,0,156.11,20.71,2.15184,0.347628
1,0,1,127.78,5.0,0.725308,0.539931
0,1,0,76.05,5.0,42.062847,0.284176
0,0,0,76.54,14.42,0.457148,0.349941
1,1,1,120.42,13.24,8.620283,0.466945
1,0,0,115.3,5.58,0.625699,0.340359
0,1,1,61.73,5.0,3.999657,0.435726
0,0,1,79.38,13.76,0.28937,1.014928
0,1,1,88.74,19.35,1.663499,1.095955
0,0,0,45.92,37.7,0.16587,0.39061
0,0,1,96.2,25.67,0.636777,0.93232
1,0,1,131.4,5.0,0.128265,0.783042
0,1,1,95.19,5.0,4.875753,1.048102
0,0,1,101.34,13.97,0.493519,0.970636
0,1,0,81.04,18.89,3.402578,0.390966
0,1,1,64.36,8.71,21.458711,0.801941
1,0,0,127.64,5.0,0.149855,0.191182
0,0,1,63.19,6.96,1.643655,0.771548
1,1,0,125.95,8.19,1.258958,0.177347
0,0,0,91.42,9.33,0.298098,0.310816
0,0,0,76.83,6.1,0.081537,0.355782
0,0,0,74.72,5.0,0.170345,0.260502
0,1,0,63.33,13.67,32.960761,0.321893
0,1,1,88.19,14.09,2.443732,0.608873
0,0,1,60.06,34.23,0.37784,0.819977
0,1,1,71.7,23.84,1.978038,0.804734
0,0,0,64.42,28.57,0.182686,0.234237
1,0,0,110.77,10.17,0.11604,0.380454
1,1,1,84.79,14.16,2.178159,1.04932
0,1,0,70.57,6.05,3.072017,0.289512
0,1,1,50.94,39.26,2.298759,0.594319
0,0,0,75.94,5.0,1.156791,0.261329
0,1,0,78.43,11.19,6.807516,0.157784
0,0,0,63.16,33.18,1.31739,0.25535
0,1,0,56.39,12.51,15.303913,0.294983
0,0,1,67.84,22.28,0.220778,0.711785
0,0,0,62.16,14.52,0.142203,0.327092
1,1,1,125.71,5.0,1.154823,0.869379
0,1,1,65.33,12.84,11.277947,1.187048
1,0,1,108.54,5.0,1.144731,0.596267
0,1,0,91.98,11.56,3.501582,0.405241
1,0,0,115.74,7.86,0.124872,0.398014
0,0,1,68.06,5.0,0.688737,0.778331
0,1,1,73.42,15.46,6.295126,0.917759
1,0,0,94.95,8.08,2.040651,0.289092
0,1,1,67.03,16.17,1.983264,0.813885
1,1,1,104.54,6.41,3.237829,0.963807
0,0,0,82.27,5.0,0.098497,0.394475
1,1,0,102.12,5.34,12.265229,0.370019
0,1,0,75.84,5.0,2.637644,0.160916
0,0,1,66.87,17.68,0.305437,0.851249
0,1,0,73.3,15.87,10.431316,0.303684
0,1,0,63.03,21.5,4.026934,0.265465
0,0,1,82.95,5.37,0.211131,0.715468
0,0,0,70.47,6.41,0.428249,0.228347
0,1,0,56.97,22.57,3.202011,0.225713
1,1,0,115.71,7.87,1.217797,0.176557
0,0,1,71.81,11.18,0.080937,0.948663
1,1,1,115.43,20.02,10.600005,1.167385
0,1,1,56.74,14.79,8.877242,0.571292
0,0,1,81.13,7.47,1.167089,0.359173
0,1,1,105.0,7.31,2.695531,0.448377
0,0,1,73.7,5.0,0.265414,0.682497
0,1,1,64.14,19.52,2.608413,0.764201
0,1,0,77.96,17.17,33.090231,0.398052
1,1,0,124.31,9.24,9.384115,0.162639
1,1,1,115.6,5.0,9.183843,0.739499
0,1,0,60.29,8.5,6.051545,0.320652
0,0,1,69.83,10.74,0.727002,0.641325
0,0,0,80.05,17.07,0.507327,0.279712
0,1,1,63.33,10.82,1.348437,0.37279
1,0,0,111.63,5.0,0.240135,0.297377
1,1,1,140.16,5.0,2.869397,1.021407
0,1,0,64.3,19.34,5.001073,0.276765
1,0,1,100.34,5.0,1.241629,0.851619
1,0,1,97.49,15.75,0.25977,1.090946
1,1,1,94.2,5.0,2.445192,0.635729
0,1,0,85.25,16.4,0.54161,0.166097
0,1,0,74.97,25.39,11.54915,0.202555
0,0,1,78.73,14.12,0.293478,0.714096
0,1,1,66.05,8.21,3.664312,0.804985
1,1,1,129.73,5.0,3.500804,0.900685
0,1,1,73.99,5.0,12.605258,1.166736
0,1,1,45.0,43.4,9.629154,0.704636
1,0,1,140.35,5.0,0.597588,0.65646
0,0,0,72.31,23.12,0.312124,0.171632
1,0,1,128.32,14.02,0.06545,1.117757
0,1,1,59.12,27.21,1.93515,0.810719
0,1,1,85.81,39.15,1.559671,0.450447
1,1,1,78.34,5.0,5.339062,0.93151
1,1,1,111.86,5.0,11.073678,0.774984
0,0,1,74.25,5.0,0.403857,0.958213
1,0,0,123.44,5.0,0.174124,0.215726
0,0,1,82.49,23.65,1.30209,0.374192
0,1,1,78.82,12.57,3.789758,0.835127
0,1,1,64.08,24.05,11.949094,0.689217
0,1,1,71.21,5.0,2.33062,1.13525
0,0,0,70.63,5.02,0.195577,0.264408
0,1,0,84.95,27.15,4.799643,0.151574
0,1,1,67.7,20.98,10.952418,0.46453
0,0,0,71.3,22.72,0.360486,0.36325
0,0,0,81.97,7.26,0.330141,0.20203
0,0,1,49.93,26.69,0.347547,0.477628
1,1,1,135.2,5.0,6.726777,0.748993
1,0,1,101.29,5.12,0.326371,0.497112
0,1,0,63.63,25.85,1.380823,0.363613
0,1,0,60.32,5.0,3.924114,0.317512
0,0,0,84.1,16.27,0.141873,0.176792
1,0,1,130.08,30.26,2.063115,0.481877
0,0,1,56.33,40.27,0.272721,1.000845
0,0,1,82.17,12.22,0.157837,0.90659
0,0,1,69.35,7.25,0.289049,0.804842
0,1,0,105.0,12.35,4.209351,0.252944
0,0,1,94.05,9.98,0.783742,1.091669
1,1,1,99.12,16.96,2.152704,1.093747
0,1,0,87.06,5.0,2.71364,0.338523
0,1,0,57.19,46.76,4.486238,0.157745
1,1,1,92.6,5.0,9.017398,0.663304
0,1,1,55.14,30.85,1.293794,1.194406
0,0,0,88.31,13.09,0.226106,0.384498
0,0,1,84.06,22.21,1.887745,0.884307
0,0,1,53.99,26.98,0.156384,0.891107
0,1,0,96.64,5.0,11.573393,0.211779
0,1,0,74.7,8.49,9.561997,0.317019
1,1,0,112.08,5.0,14.887494,0.216383
1,0,0,126.39,5.0,0.073669,0.324677
0,1,0,49.55,20.36,2.295774,0.389906
0,0,1,84.32,8.17,0.157008,1.000544
0,1,0,66.72,5.0,7.548447,0.379726
0,1,1,95.84,17.05,49.295401,0.976667
0,1,0,55.43,20.22,3.141591,0.216662
1,0,0,107.71,5.0,0.312223,0.172098
1,0,1,111.61,5.0,0.452083,1.029679
0,0,1,85.34,24.8,1.024857,1.099297
0,0,1,81.51,7.87,0.113402,0.381968
0,1,0,66.89,22.09,3.167501,0.200167
1,1,0,114.93,6.17,7.173773,0.367871
0,1,0,55.72,20.59,10.625547,0.186396
0,1,0,79.51,18.48,2.374085,0.23539
1,1,1,154.51,5.0,6.17835,1.13641
1,1,0,118.69,9.26,3.403826,0.257107
0,0,0,60.22,5.0,0.085281,0.255156
0,1,0,80.63,10.38,5.423766,0.366239
0,0,0,90.73,10.8,0.534079,0.190866
0,1,0,73.59,17.92,28.801965,0.183936
0,1,1,79.04,5.0,2.422115,0.440836
0,0,0,62.84,7.6,0.305478,0.315397
0,0,0,82.01,11.73,1.397912,0.231769
0,1,1,71.05,5.0,2.437454,1.124222
1,1,1,118.5,5.0,1.160097,0.526992
0,0,0,71.86,11.01,0.480151,0.323898
0,0,0,65.82,6.95,0.235321,0.231262
1,1,0,126.23,13.53,23.415118,0.244817
1,1,1,87.41,5.0,20.115653,1.024602
0,0,1,82.23,17.19,0.782169,1.180223
1,1,1,112.62,8.94,3.848828,0.750732
0,0,1,63.68,5.6,0.084164,0.739686
1,0,1,112.68,8.89,0.713867,1.129705
0,0,1,71.07,21.47,0.596902,1.058186
0,1,1,56.87,9.04,9.189841,0.846798
0,1,1,62.62,7.19,5.039536,0.680995
0,0,0,77.47,7.78,0.259525,0.391758
0,0,1,50.98,16.4,0.765671,0.627764
1,0,0,113.86,14.86,0.21894,0.233555
1,1,0,118.02,19.04,5.457347,0.29303
0,1,1,77.62,7.21,9.965636,0.567078
0,1,0,66.98,22.35,6.612469,0.153773
0,1,1,64.81,26.91,4.241682,0.773353
0,0,1,91.33,5.0,0.201147,0.901505
0,1,0,60.67,7.25,5.82152,0.202746
0,0,0,55.46,16.2,0.551303,0.1629
0,0,0,81.2,5.0,0.343463,0.253685
0,1,0,90.19,5.0,7.551939,0.382367
0,0,0,66.42,11.88,1.65834,0.372742
0,1,0,67.84,5.0,1.120326,0.355991
1,1,1,107.18,19.25,10.966068,0.740519
1,0,0,110.95,9.8,0.18186,0.255798
0,1,0,73.24,12.76,11.077363,0.282215
1,0,1,114.53,10.05,0.165442,0.645267
1,0,1,134.96,11.1,0.314692,0.963227
0,1,1,68.67,8.8,4.538657,0.390579
0,1,1,86.7,11.46,1.817042,0.806377
0,1,0,71.31,5.0,4.214245,0.338636
0,1,0,62.42,5.0,1.551626,0.188717
0,1,0,62.97,19.87,1.683633,0.397038
0,0,1,65.71,5.0,0.091339,0.850951
0,0,1,67.0,6.42,0.664038,0.759293
1,0,0,143.15,11.88,0.094788,0.267179
0,0,0,83.15,5.0,0.278413,0.203317
0,0,1,73.08,5.0,0.23668,1.075608
0,1,1,54.29,21.46,1.956158,0.860897
0,1,0,53.59,32.86,12.830833,0.319059
0,0,1,73.57,12.74,0.326678,0.599556
0,0,1,62.37,5.0,0.12625,0.52548
0,1,0,66.49,23.77,9.48592,0.314475
0,0,0,50.24,21.17,0.257094,0.329429
1,0,1,112.59,8.44,0.547117,1.091559
0,1,0,55.3,43.79,2.040737,0.375869
0,0,1,75.41,21.48,0.897547,0.596451
0,0,1,51.4,28.56,0.08535,0.623862
0,0,1,75.44,5.0,1.803407,1.024109
1,0,0,99.4,5.0,1.422632,0.196161
1,0,0,110.03,5.0,1.959688,0.216046
0,1,1,56.76,9.42,1.468812,0.53405
0,1,1,88.05,8.79,2.768445,0.465219
0,0,1,45.0,45.26,0.089809,0.754693
0,1,0,69.89,13.99,3.217388,0.379671
0,1,1,45.1,20.34,5.299373,0.579055
1,0,0,160.0,17.96,0.132042,0.380785
0,1,1,78.21,18.13,1.45702,1.152902
1,1,0,104.51,5.0,23.324129,0.338049
1,1,0,136.62,5.0,10.312623,0.314147
0,1,1,80.94,8.87,4.089326,0.498198
1,1,0,132.6,7.03,10.889601,0.345261
1,0,1,115.39,21.16,0.490057,0.702168
0,0,1,78.09,5.0,0.345569,0.419843
0,1,1,73.08,5.0,6.377657,1.051123
0,1,0,98.71,5.0,4.835157,0.256131
0,0,1,67.59,5.0,0.475078,1.155938
1,0,1,106.36,22.69,0.293429,0.49996
1,0,0,136.07,14.36,0.089224,0.288386
0,1,1,45.0,43.67,6.78301,0.421303
0,0,0,69.22,31.58,0.176052,0.281569
0,0,0,80.92,18.2,2.81377,0.277958
1,1,0,135.42,8.94,0.914617,0.366032
1,1,0,95.86,13.69,1.013985,0.222972
0,0,1,101.2,7.76,0.124826,0.743511
1,1,0,120.23,5.0,7.010169,0.152508
0,0,1,60.18,6.55,0.174471,1.170006
1,1,0,142.96,5.0,8.964419,0.359769
0,1,1,73.26,5.0,3.938506,0.968933
1,1,1,75.0,5.92,3.063618,0.726094
0,0,1,76.8,5.0,0.125072,0.846041
0,0,1,73.69,21.59,0.44798,0.778768
0,0,1,80.09,23.13,0.266732,0.869818
1,0,1,138.76,11.09,0.095015,0.961194
0,0,1,45.0,20.72,0.423762,0.830389
0,1,0,70.18,22.85,1.582677,0.391658
0,1,1,73.81,5.0,0.904057,0.441653
0,1,0,82.46,5.0,1.456119,0.274789
1,1,0,92.91,8.28,4.116221,0.360012
0,0,1,58.86,25.17,0.553359,0.968219
0,1,0,95.56,22.35,5.427739,0.405815
0,1,1,83.54,5.0,8.897083,0.80936
0,0,1,72.55,5.0,0.222878,0.687271
0,1,0,91.68,16.88,0.796147,0.29391
1,0,1,124.84,22.34,0.165989,0.549991
1,0,0,86.15,17.63,0.1255,0.179615
0,0,1,77.01,10.51,0.41355,0.982436
0,1,1,66.77,14.51,2.961183,0.844257
1,0,1,110.31,5.0,0.912084,0.639839
0,1,0,92.45,5.0,12.489527,0.160977
0,1,1,65.32,11.0,2.700194,0.688385
1,1,1,117.84,5.0,2.931555,0.809094
1,0,0,121.08,15.79,0.836526,0.247033
0,0,1,77.61,5.0,0.676261,0.455176
1,0,0,112.64,20.35,0.541193,0.286066
1,1,1,101.48,5.0,11.739985,0.46728
1,0,0,114.37,14.67,1.875116,0.270857
0,0,0,64.03,9.13,0.263436,0.208439
0,1,0,74.45,11.66,1.232222,0.321448
0,1,0,75.94,9.37,4.528984,0.357711
1,0,0,113.36,5.0,0.271745,0.26881
1,1,0,100.3,5.0,6.407416,0.330436
0,1,1,80.39,8.1,3.204387,0.869709
0,1,0,66.86,15.78,6.535087,0.336735
0,0,1,71.58,9.68,0.091318,0.495854
1,0,1,103.91,5.4,0.817911,1.011363
1,1,0,75.0,15.8,1.538564,0.234321
0,1,1,101.35,9.7,2.922962,0.470295
0,0,1,75.52,5.0,0.405325,1.02693
1,1,1,115.42,5.0,3.405404,0.873556
1,1,0,116.89,12.3,9.577056,0.266568
1,0,1,139.92,9.58,0.328573,0.844126
0,0,0,73.12,9.12,0.302331,0.325494
0,0,1,94.37,5.0,0.162963,1.024206
1,1,1,100.53,5.0,6.127916,0.780567
1,0,0,95.93,5.0,0.136546,0.399257
0,1,0,51.26,19.83,17.883957,0.312713
0,0,0,45.27,34.48,0.364141,0.182609
1,1,1,143.36,5.0,4.308517,0.535401
0,0,0,65.25,5.0,0.498205,0.380062
1,0,1,120.53,12.99,1.256838,0.613031
0,1,0,86.3,5.0,31.903656,0.17217
0,0,1,67.62,30.25,0.740111,0.885735
0,1,1,73.5,5.0,2.01765,1.143083
1,0,0,129.73,10.6,0.3509,0.347654
0,1,0,85.04,6.28,6.026834,0.186983
1,0,1,159.76,5.0,0.148654,1.017575
0,0,1,66.38,9.52,0.440834,0.529647
1,1,1,113.03,13.2,4.735872,1.144285
0,1,0,74.7,18.05,6.506783,0.3121
0,0,1,59.26,5.0,0.226229,0.692075
0,0,1,62.48,24.36,0.122741,1.178671
0,1,1,77.52,11.17,8.098518,0.655537
0,0,0,71.09,9.36,0.849625,0.335397
0,1,0,60.23,30.01,2.040465,0.197966
1,1,1,110.88,7.78,0.587935,0.399574
1,0,1,121.37,5.0,1.194384,0.687665
1,1,1,95.97,5.0,1.867186,0.759228
0,1,0,74.47,6.55,30.378399,0.153667
1,0,1,102.85,5.0,0.313222,0.942513
1,0,1,129.23,5.0,0.424734,0.738256
0,0,1,77.84,14.64,0.148929,1.140011
0,1,0,62.69,24.8,12.89158,0.262693
0,1,0,79.33,13.87,1.5105,0.154059
1,1,0,87.03,24.31,2.944004,0.233771
0,1,0,64.83,26.02,5.223879,0.303546
1,1,1,91.56,5.0,1.11949,1.102614
0,0,0,75.19,9.92,0.508083,0.232655
0,1,0,73.7,13.08,2.580909,0.305484
0,1,1,49.29,6.51,1.984139,1.105126
0,0,0,61.98,13.49,0.155528,0.394582
1,0,0,123.59,5.0,0.361211,0.285073
0,1,1,66.45,22.5,1.263166,1.088359
0,0,0,84.45,5.0,0.221432,0.346511
0,1,0,83.52,13.23,4.368649,0.279532
0,1,0,69.73,275.83,4.233672,0.373959
0,1,0,98.61,11.55,2.140592,0.219708
0,1,1,103.62,7.58,3.284518,0.584877
1,0,0,107.47,5.0,1.823245,0.324126
1,0,0,130.33,5.0,0.135353,0.22312
0,0,0,82.64,9.03,0.26097,0.378881
0,0,0,61.31,25.94,0.13218,0.154201
0,0,0,90.87,5.0,0.110072,0.221268
1,1,1,90.69,35.28,3.338028,0.942924
0,0,1,68.38,15.45,0.281141,0.538584
1,0,1,75.0,5.0,0.273429,0.873876
0,0,1,83.25,8.88,0.472885,0.486402
0,1,0,64.97,11.12,0.974883,0.289649
0,1,1,81.63,5.0,10.157239,0.669406
0,1,1,60.07,15.68,1.741689,0.909405
0,0,1,75.64,8.95,0.730902,0.944688
0,1,0,63.25,5.0,1.171433,0.359512
0,1,1,61.19,15.58,2.778147,0.423638
1,1,0,125.07,5.0,8.277027,0.352155
0,1,0,69.38,5.84,3.225916,0.292571
1,1,1,94.35,5.0,32.145784,1.084132
0,1,0,87.77,14.89,3.379932,0.337483
1,1,1,150.5,6.58,6.884788,0.511708
0,1,0,71.34,14.76,4.343423,0.385638
0,1,0,48.12,36.9,3.217682,0.25532
1,1,1,92.64,5.0,14.462714,0.645857
0,1,1,68.53,28.27,11.578579,0.372583
0,1,0,79.08,16.85,14.618428,0.170819
0,1,1,88.73,6.22,1.591568,0.985647
0,1,0,69.43,18.22,10.735362,0.346263
1,1,1,121.77,5.0,11.042649,1.076821
0,0,0,50.5,20.8,2.596918,0.355541
1,1,0,123.98,5.0,20.808025,0.378085
0,1,0,93.04,7.42,2.454409,0.226155
0,1,1,67.42,5.0,5.003147,1.02569
0,0,1,72.3,5.0,1.290569,0.978806
1,0,0,120.24,5.0,0.815239,0.224631
0,0,1,65.97,31.5,0.651796,0.613091
1,0,0,123.8,5.0,0.339263,0.226936
0,1,1,65.37,34.57,2.904772,0.588916
1,1,1,100.31,10.14,5.69279,0.467199
0,1,1,64.34,8.93,1.53131,0.581823
0,0,0,58.38,5.0,1.149282,0.332364
1,0,1,129.2,5.0,0.113607,1.176531
0,1,1,71.78,20.28,1.682509,0.377656
1,0,1,126.67,12.05,0.208562,0.613691
1,1,0,98.65,5.0,4.537506,0.286101
0,0,1,61.99,16.77,0.48671,1.116209
1,0,1,106.88,15.3,1.925476,0.530691
0,0,1,53.76,6.73,0.256459,0.848013
0,1,0,55.14,5.16,2.243709,0.167289
0,1,1,88.87,10.55,4.090485,0.726223
0,0,1,61.0,5.0,0.119969,0.738404
0,0,0,52.04,7.99,0.535379,0.374488
0,1,0,74.6,23.23,2.117731,0.16165
1,1,1,106.22,5.0,0.853713,0.959721
0,0,0,46.64,20.93,0.138078,0.16665
1,0,1,105.47,15.01,0.315033,1.023549
0,1,0,67.37,26.23,1.474081,0.194465
1,0,1,113.43,5.0,0.08315,0.802296
0,0,1,59.15,6.87,0.228816,1.109448
0,1,0,66.96,13.14,3.384937,0.200426
0,0,0,72.22,9.61,0.263485,0.337629
0,0,0,79.69,5.72,0.09246,0.178118
0,0,0,65.69,24.23,0.761016,0.397308
0,1,0,73.73,34.16,4.009932,0.199583
0,1,0,59.75,24.2,5.224326,0.339164
0,1,1,65.84,10.7,1.67211,0.8441
0,0,0,68.56,5.0,0.191959,0.176253
0,0,1,73.53,17.0,0.268451,0.597951
1,0,1,115.19,5.0,1.243584,1.217245
0,1,0,105.0,5.0,12.241801,0.181978
0,1,1,87.47,7.66,12.379692,0.487171
1,0,0,82.01,19.07,0.238918,0.30786
1,1,1,98.66,5.0,1.637048,0.523022
0,0,1,62.39,5.0,0.138525,0.77826
0,1,1,65.95,5.0,4.734937,1.072746
1,1,1,86.43,5.0,1.459273,0.697111
1,0,0,129.03,18.68,2.218005,0.204119
0,1,1,76.17,5.0,13.545136,0.3824
1,0,0,117.33,5.0,0.32467,0.218737
0,0,1,76.05,11.69,0.913924,0.597475
1,0,1,91.36,5.0,0.146389,0.739348
0,0,0,54.74,28.57,0.269646,0.372618
0,1,1,75.83,18.95,2.638426,0.683354
1,0,1,127.35,5.25,0.77901,0.50953
0,0,1,60.91,6.92,0.119817,0.484807
0,1,1,82.72,6.23,1.13455,0.487187
0,0,0,81.69,16.65,0.511074,0.203731
0,1,0,65.94,26.19,8.446019,0.195339
0,0,0,81.63,5.0,0.401624,0.229006
1,0,1,128.47,6.21,0.178823,0.400978
0,0,1,84.19,17.54,1.200225,0.37674
0,0,1,57.13,21.87,0.122689,0.448059
0,1,1,68.18,12.69,2.701047,0.940388
0,0,1,79.36,19.93,0.154649,1.234196
1,0,1,111.89,7.05,0.105224,0.806701
0,0,1,59.09,15.57,1.187291,0.99408
1,0,1,152.63,5.22,0.049019,1.143666
1,0,0,137.64,5.0,0.466396,0.30922
0,0,0,79.18,17.99,0.082417,0.270049
0,1,0,95.08,5.0,12.059936,0.283313
0,0,1,79.13,16.4,1.100136,1.054303
1,1,0,134.31,7.63,9.456223,0.252228
1,0,1,129.7,5.0,0.52514,0.977134
0,1,0,62.71,10.72,1.004946,0.190006
1,0,0,114.4,13.96,0.624519,0.212104
0,1,1,64.33,11.09,1.095375,0.57165
1,0,1,101.42,7.99,0.128572,0.631241
0,1,0,77.06,5.0,5.50086,0.287899
1,0,0,112.75,5.0,1.32197,0.237995
0,1,1,77.29,5.0,7.405568,0.801625
0,1,0,74.03,15.32,1.659582,0.190352
0,1,0,86.91,12.82,7.585932,0.246596
1,1,0,110.33,5.0,10.519075,0.261888
0,1,1,57.29,17.96,8.273721,0.867078
0,1,1,79.79,6.04,0.86134,0.755832
0,1,1,80.52,5.0,1.160471,0.620344
0,1,0,59.2,14.37,1.450537,0.189142
0,1,1,78.52,5.0,2.251042,1.199669
0,0,1,77.29,11.48,1.404154,1.176117
1,1,0,144.59,5.0,1.384267,0.212312
0,1,0,63.08,16.45,18.255032,0.16774
0,0,0,61.75,11.76,0.136967,0.274447
0,0,1,86.2,18.89,0.509046,0.380835
0,1,0,76.84,21.27,8.961928,0.372266
1,0,0,112.07,5.0,0.095327,0.207165
0,0,1,81.38,5.0,0.123054,1.184537
0,1,0,72.7,15.39,2.411179,0.177526
0,1,0,55.94,17.92,2.852086,0.3735
0,0,1,73.57,8.32,0.687331,0.841227
1,0,0,122.14,5.0,0.68713,0.286321
1,1,0,101.4,5.48,27.159167,0.214028
0,1,0,71.19,5.0,21.471926,0.381181
0,1,0,93.34,7.47,5.274138,0.228496
0,0,1,84.76,14.68,0.149292,1.157787
0,0,0,83.5,18.19,0.561307,0.154037
0,1,1,51.91,21.18,16.617886,0.90357
0,0,0,66.59,21.83,1.611425,0.301297
0,0,0,73.1,5.0,0.665638,0.201765
0,0,1,88.19,5.0,0.310974,0.817639
0,1,0,87.77,5.0,2.726239,0.177129
0,1,1,79.89,20.2,27.307283,0.902181
0,0,0,75.05,26.9,0.217225,0.153868
0,0,0,69.02,30.44,0.783706,0.209361
1,0,0,75.0,15.13,0.403972,0.370113
1,1,0,122.93,5.0,8.616802,0.288015
0,0,0,65.14,5.44,1.213174,0.172135
1,0,1,130.81,5.0,0.14112,0.396904
1,0,0,116.98,5.0,0.179023,0.167292
0,0,1,75.77,30.95,0.943945,0.500289
1,1,1,105.32,5.0,7.838692,0.487006
0,1,0,54.68,13.5,3.254627,0.359578
1,0,0,116.66,5.0,0.729855,0.198666
0,1,0,46.14,39.01,2.230578,0.363979
1,0,0,113.27,17.55,1.047053,0.345563
0,0,0,74.0,10.6,0.535925,0.365742
0,0,1,77.14,5.0,1.076581,0.701207
0,0,1,71.48,5.0,1.866995,1.177661
1,0,0,97.21,5.0,0.357194,0.280252
1,0,0,122.06,5.0,0.177859,0.373458
1,1,0,120.79,14.48,1.525065,0.369211
1,0,1,111.82,5.0,1.393876,0.671849
0,1,1,69.55,18.77,4.352061,0.580281
0,1,1,45.0,31.26,2.459195,0.958308
0,1,0,83.27,5.0,2.215773,0.216282
0,1,1,64.81,17.22,2.779035,0.865099
0,0,1,56.06,8.41,0.122775,0.929827
0,1,1,46.47,46.04,7.014351,0.46859
1,0,1,137.14,5.0,0.453504,0.797777
0,1,0,66.7,21.49,11.218111,0.322108
0,1,0,53.31,23.1,3.764587,0.171612
0,1,0,68.58,19.58,17.64089,0.333175
1,1,0,99.76,9.61,6.961233,0.280689
1,1,1,107.53,5.0,6.50188,0.962168
0,0,1,80.78,5.0,0.28401,0.714564
0,0,0,83.49,22.67,0.300839,0.220077
1,0,1,135.63,5.0,0.783375,0.611069
1,0,0,82.07,27.19,0.146517,0.332771
1,1,1,160.0,11.01,1.724581,0.661106
0,1,1,67.36,17.95,36.043473,1.112544
0,1,1,59.16,21.8,5.623312,0.961973
0,0,1,55.31,19.05,0.114903,0.667966
0,1,1,88.23,5.0,5.093528,0.964321
1,0,0,138.1,5.0,0.072119,0.179243
0,1,1,81.29,8.42,1.445987,0.9507
1,1,0,104.01,5.0,2.22276,0.277087
0,1,0,68.1,14.58,6.05764,0.322209
0,1,1,66.13,27.95,9.209367,1.147422
1,0,1,87.21,5.0,0.476152,0.861707
0,1,1,71.43,5.14,13.314143,0.756298
1,1,1,102.58,5.0,0.737113,1.073362
0,0,0,50.69,24.74,0.251196,0.175298
0,0,1,73.27,5.0,0.089504,0.606881
0,1,0,71.62,6.67,1.635199,0.333192
0,1,1,67.0,34.93,26.069106,0.912426
0,1,0,63.37,5.0,2.12584,0.165286
1,1,1,140.3,5.0,1.404404,0.671481
0,0,1,71.01,7.7,0.294684,1.17133
1,1,1,79.01,27.35,7.545209,0.57398
1,0,1,104.35,12.27,0.202505,0.630799
0,0,0,85.16,5.0,1.852765,0.259067
0,1,1,87.41,10.66,3.300023,0.543761
0,0,0,71.18,23.76,1.016433,0.245878
0,0,0,71.21,7.27,0.273343,0.313846
0,1,1,85.45,5.0,2.830903,1.088233
1,0,1,126.39,5.0,0.420588,0.610826
1,0,0,120.87,5.38,0.256349,0.230168
0,1,1,45.0,12.41,13.22505,1.1538
1,1,0,102.2,5.0,1.611839,0.195671
1,1,0,103.44,5.56,3.008796,0.32457
1,1,1,121.8,5.0,2.054746,0.701936
0,1,0,74.58,17.8,7.398079,0.201793
0,0,0,57.34,17.99,0.107413,0.223796
0,0,1,79.4,5.0,1.87713,0.975473
0,0,1,62.14,14.65,0.861459,1.032309
1,0,0,138.58,8.72,0.335554,0.162658
0,0,1,85.74,5.0,0.368987,0.82294
0,0,1,85.9,5.0,0.933449,0.639468
0,1,0,83.02,6.39,5.849494,0.381359
0,1,1,73.46,9.11,21.059512,0.453891
0,0,1,65.67,15.66,0.481599,0.783988
0,1,0,72.44,8.92,8.941866,0.355978
0,0,1,67.05,14.28,0.231921,0.965894
0,1,1,71.3,5.0,3.424817,0.981526
0,0,0,71.59,15.02,0.376193,0.245273
0,0,1,80.17,5.0,0.691222,0.585137
0,0,1,66.45,5.0,0.086245,0.963649
1,1,1,119.1,5.0,5.040116,1.135933
0,0,1,76.71,19.62,0.161926,0.798533
0,0,0,77.51,21.09,0.522463,0.366793
0,1,0,74.73,19.39,1.518148,0.189957
1,1,1,160.0,30.8,9.1294,0.796203
0,0,1,89.68,5.0,0.605911,0.891648
0,1,1,70.88,5.0,2.905329,0.424931
0,0,1,61.7,12.42,0.663334,0.526249
0,1,0,76.86,10.51,2.424616,0.241273
0,0,0,67.68,18.46,0.324962,0.372114
0,0,1,72.29,5.0,0.605995,0.8524
1,0,0,103.6,5.0,0.897532,0.159898
0,0,0,62.72,18.38,0.136252,0.263357
0,1,0,62.95,35.48,1.320293,0.380898
0,1,0,79.12,19.7,4.101288,0.347116
0,1,0,62.57,9.14,12.287864,0.213567
0,1,0,65.4,9.23,9.943236,0.376772
0,0,1,83.41,8.76,0.56129,0.390786
0,0,0,67.94,21.06,0.561488,0.248698
0,1,1,66.09,20.94,3.808074,0.941629
0,0,1,55.36,22.03,0.43971,0.828393
0,0,1,94.78,5.0,0.165275,0.4872
0,1,0,60.11,37.47,2.580622,0.156701
0,1,0,49.75,30.84,23.75349,0.196573
1,1,0,127.07,16.52,8.091847,0.355358
1,0,0,85.85,12.72,0.292807,0.32504
0,1,1,74.33,29.12,2.8549,1.163461
0,0,0,84.82,8.45,0.345108,0.292242
0,1,0,78.33,5.0,16.170434,0.381069
1,1,1,95.7,12.27,1.259887,0.993034
1,0,0,125.14,5.0,0.328865,0.160152
0,1,0,68.34,24.81,0.90675,0.24008
0,0,1,70.23,20.51,0.332651,0.613221
1,1,0,129.09,5.0,3.574405,0.188801
0,0,1,82.56,33.86,0.106541,0.533302
0,0,1,97.55,15.77,0.259527,0.613695
0,0,0,90.74,7.82,0.738308,0.227907
0,0,1,76.47,5.0,0.771996,1.032393
0,0,0,59.06,14.59,0.059174,0.366182
1,0,1,136.15,14.73,0.104205,0.742431
0,0,1,71.21,15.22,0.15782,0.866966
0,0,1,76.1,14.59,0.098346,0.876015
1,0,1,107.93,5.0,0.226691,0.793009
1,0,0,117.76,6.9,0.203793,0.201533
0,1,0,80.73,5.0,2.229105,0.333024
1,1,0,124.75,8.75,4.159302,0.18636
0,1,1,56.66,9.99,3.536742,0.816597
0,1,0,71.01,8.56,2.077859,0.368551
0,0,0,71.86,9.0,0.553863,0.265717
1,0,1,130.57,5.0,0.899376,0.82144
0,1,0,51.34,13.01,3.954477,0.302665
0,1,1,68.62,5.0,4.385151,0.960119
1,0,1,114.92,8.41,0.148804,0.401163
0,1,0,69.5,23.76,22.623551,0.15899
0,1,0,71.65,17.63,19.009833,0.380417
0,0,1,77.29,5.0,0.168245,0.695604
1,0,0,137.05,14.91,0.91734,0.315904
