cardiac_risk,stress_label,fatigue_label,stress_ratio,emg_rms
1,1,0,93.62344596330655,0.20039149869691858
0,0,0,0.1367489251401107,0.1996566937021288
0,0,0,0.138700570468228,0.19627304485443337
0,1,0,91.86884395655903,0.19722710981038877
0,0,1,0.11432203718557812,1.001420966150958
0,0,1,0.13236986370267145,1.013691038461815
0,0,0,0.11667431629216876,0.19975657343959657
1,1,0,137.33531865587796,0.20075345727128863
1,0,0,0.12228985999749388,0.19843603508943863
1,1,0,114.13598693774526,0.19945412064877518
0,1,0,104.66705353574872,0.20347026343983474
1,1,1,72.44461197529587,0.9971673315829043
1,1,1,86.64061525189707,0.993718946149568
0,0,0,0.13003706197417958,0.19693078842925416
0,0,0,0.11578020114637559,0.20398242900148028
0,1,1,101.84015912825616,1.0004035055762288
1,0,1,0.11449196497942872,1.0019350634576039
1,0,1,0.09836569480631614,1.0172751397931459
0,1,1,213.60408783308685,1.0282499249634451
1,0,0,0.11649753482241068,0.19920969967326077
1,0,1,0.1405041275304824,1.006111919360787
0,1,1,132.37222813524465,0.9982295138110119
0,0,1,0.1194147304637846,1.0019844994952067
0,0,1,0.13544328235562234,0.9868958615008714
0,0,1,0.1345146501207342,0.977898479866157
0,1,0,118.15843667287808,0.20075431542756192
0,0,1,0.14609277606725762,1.0221345497124847
1,0,1,0.1328458658306738,0.9989979785303305
0,0,1,0.14650195176098885,1.0242661410198073
1,1,1,117.31294101361502,1.0165700302126506
0,0,0,0.11787114104303628,0.1972202714362572
0,0,0,0.11377419005364327,0.20054768073747897
0,1,1,139.3115418811812,0.9921714442841437
0,0,0,0.13753013220365748,0.19880153285330673
0,1,1,83.99139381937952,1.0191932323720339
1,0,1,0.14281256146019042,1.001134382016289
1,0,1,0.12547691763632352,0.9915370631498083
0,0,0,0.12414826698838195,0.20008001871905606
1,1,1,106.72133087166499,0.9946387353647854
1,0,0,0.11779839559758506,0.19899407385840445
0,1,0,97.87448550728512,0.20284804275425575
0,1,0,86.68922204602943,0.19742828377991256
1,1,0,132.72088776622164,0.19807542041351847
1,0,0,0.10085515713624622,0.2020970077607787
0,0,0,0.1412324092914571,0.1985173032678248
0,0,0,0.14340691330955443,0.2004986620951075
0,1,0,72.77627076075834,0.19897439608276019
0,0,0,0.13669010031557557,0.200749767956489
0,1,0,139.0033487127898,0.20321838648108365
0,0,1,0.14044528370058215,0.9953013695435508
1,1,0,137.07408066111924,0.19763632554725255
1,1,1,145.93949153818863,0.9992528563222395
0,1,1,101.27729897337593,0.9904764424537049
0,1,0,70.72439750217696,0.1970049231426053
1,1,0,84.13138851275379,0.1989270749525313
1,1,1,145.90526413377034,1.0017608037383094
0,1,1,153.752844513148,0.9698241045163621
0,1,1,105.31799745684076,0.969460891278301
0,0,0,0.13184357648463876,0.20158039514568285
1,1,0,141.57349173181638,0.2023193160541662
0,0,0,0.13107422633424545,0.20633062488557372
0,1,0,87.25988790920101,0.20413123541233677
1,1,1,94.98174218777866,1.0041085534828589
0,1,1,87.39625391754976,1.0151482040340667
0,0,1,0.12182404953843062,0.984310689609955
0,0,0,0.1428110120777818,0.200194725326344
0,0,1,0.13904715990035693,1.009804115044859
0,0,0,0.13549093298042267,0.19623432388537637
1,1,0,105.09364822651487,0.20214115095402097
0,0,0,0.09628553186909894,0.19728604035250477
1,0,1,0.1288388705621556,1.0036119095674534
0,1,1,115.47295476454339,1.0180444613532411
0,0,0,0.12189599853354285,0.20411855220598477
0,0,1,0.10724583691014265,1.0104372821838865
0,1,0,97.4918566710873,0.19884860742677235
0,0,0,0.11457382960059509,0.1943450326226603
0,0,1,0.13534143807468516,0.9982935478150047
0,1,1,85.84734203266744,1.006472139008833
1,0,1,0.1309221124413436,1.0004735713856638
0,0,0,0.1277019011011566,0.19638535282143021
0,0,1,0.1038952311644322,0.984181045606199
0,1,0,81.60641200523166,0.19845358025931914
0,0,0,0.1262060427867866,0.19799549319406715
0,1,0,111.34915586417567,0.19941496285243496
0,1,0,95.06391918330517,0.20238134166297678
0,1,0,109.69882513488531,0.20289199775740563
0,1,1,141.86209098582142,1.0348921802226603
1,0,1,0.13489102558470326,0.9893229199185676
0,0,0,0.15698624078017465,0.2001918040548368
0,1,0,147.58743516363887,0.19822755997406552
0,0,1,0.10717435063662104,0.9791276478520441
0,0,1,0.1172179902675308,0.99522731092433
0,1,1,113.17071914719773,0.9985285298045795
0,0,1,0.1808219434075739,1.000402079919143
0,0,1,0.09793016617362657,0.9850166682567371
1,0,1,0.1327582251587697,0.9831377724249897
1,1,0,97.03118223575434,0.20183652682383707
0,0,1,0.1383002935534603,1.0215449979528153
1,1,1,108.95584298827072,0.9947299466945522
0,0,1,0.11365764241682556,0.9963292115166489
0,1,0,105.99805239354012,0.20117305630914883
0,0,1,0.13071630290636418,1.0272739716908494
0,1,0,116.86681896010214,0.20212162121561414
0,0,0,0.1102488041723749,0.2025167972371725
0,1,1,94.11652132573559,1.0079122492246204
0,0,0,0.12780378838474324,0.20067804817047566
1,1,1,89.3324090282655,0.9942410837191555
0,1,1,107.82597289374117,1.0025087587751709
0,1,1,80.92295142190173,0.9829556314845416
0,0,0,0.12660412219095318,0.19989854900397355
1,0,1,0.1283615167805105,1.0110723320263684
0,0,0,0.15350249933988766,0.19667364100059795
1,0,0,0.13391069234196823,0.20235133944692293
1,0,1,0.1306155354466301,0.999111771031197
0,1,0,85.86763744044102,0.1988828939770862
1,0,1,0.11644684224690045,1.013222755089947
0,0,1,0.1380802666432662,0.9967892646010887
0,1,0,93.68480260070142,0.2007098135231181
1,0,0,0.1245751664462088,0.2019741485083794
0,0,0,0.12417539848448358,0.20123287267796747
0,0,0,0.10987146036185313,0.19949063975619824
0,1,0,130.9435282679509,0.20247021098787826
0,0,0,0.1275124513273421,0.2025684617320292
1,0,1,0.10685377140818032,0.9956327225350555
0,1,1,126.42111772385233,1.0110214515657734
0,0,1,0.13384147726771187,1.0260369750834695
0,0,1,0.1159903271381012,1.0036837372339829
1,0,1,0.131302093200075,1.0034042339112441
1,1,1,82.23130600250495,1.0205825006174487
0,1,1,137.3589149516746,1.0161452206302617
1,0,0,0.10840676625893822,0.20112296344579106
0,0,1,0.10462489021145123,1.0081159740118237
1,0,0,0.12148005968942568,0.20135541763152884
1,0,0,0.1300658266389957,0.20116614125400847
1,0,0,0.16032811998550078,0.198660027133506
0,0,0,0.1518639836934081,0.19937846555429745
0,0,0,0.12747477819093472,0.19876689795694935
1,1,1,118.80497328198734,1.0222368047295933
0,1,0,114.14812060981905,0.19794637244175653
0,0,1,0.11533774518101914,1.019706892576244
0,0,0,0.1411626023522372,0.20056611876191813
0,0,1,0.10371554349560237,0.9962683649979385
0,0,1,0.15471853388751275,1.0070408495603644
0,1,0,86.44218725419252,0.20122022120637456
1,0,0,0.1267688216670801,0.19939489748946723
0,0,1,0.12189571787477411,1.0257062079681387
1,0,1,0.12571062963192123,0.9981094847418789
0,1,0,88.91405132580311,0.2000867496180637
1,0,0,0.11899031657640202,0.20004827435328826
1,1,0,66.58927164857329,0.20059264061353219
1,0,0,0.12019646462193241,0.20001745181216957
0,0,0,0.13995506530506185,0.20280191435067152
0,0,0,0.1493203511121617,0.19547788586629658
0,1,0,114.76806974942005,0.20132368971229303
0,1,0,103.51955306137019,0.20242033583878974
0,1,0,144.15263438675774,0.19798810136494735
0,1,0,104.47168578958312,0.20333346565015226
1,0,0,0.12458252575129841,0.19632221915241876
0,1,1,114.37849581872659,0.9955414136144648
0,1,0,114.59583199259806,0.1984216087765569
1,1,0,96.28280779486245,0.19936113760547838
0,0,1,0.11522049289820563,1.007481752536444
0,0,1,0.16557726840255296,1.0008586698608501
0,0,0,0.11790729931941939,0.20394384445102337
1,1,1,119.07956631913876,0.9742856682372221
0,1,0,119.30525569048159,0.19977631691538458
0,0,1,0.10911436389094377,0.9874814185282272
0,0,1,0.18390770541661103,0.9943752191396664
1,0,0,0.1226448046780604,0.20426541378941043
0,1,0,140.275092875879,0.20038943358675299
0,1,0,83.84062432301663,0.19496539912594782
1,0,1,0.1354388745640189,0.9893105659010817
1,1,1,87.92327363997643,0.9932866718519386
0,1,0,108.0160976891117,0.1972908227751401
1,0,0,0.1142245935767899,0.19618772417331187
0,0,1,0.12892274751574895,1.004687598155774
0,1,0,113.79520265055608,0.20336225888153292
1,1,1,107.66795406469448,1.0007906318202306
0,0,0,0.11740769421942253,0.1995009082862458
1,1,1,114.32810169812699,1.0038222753029893
0,0,0,0.13294971628955757,0.19856568543400166
0,1,1,130.72082209699872,0.985381547566146
1,1,1,119.28760473325858,0.9980488588289332
1,1,0,75.69673250946924,0.1989318672928702
0,0,0,0.1171180354929905,0.20506640254282635
1,1,1,135.91494843966268,1.0035695117906847
0,1,1,143.93814942157894,0.9887685975840632
1,1,1,90.22657169735518,1.0198339393290887
1,0,1,0.13272433830796268,0.9945633478969349
0,1,0,128.18632326699483,0.19810044424805498
0,1,1,112.62927622657932,1.0136010795473902
1,1,1,156.28402759991488,1.0177708671150356
0,0,0,0.11036101010804857,0.19979721207020817
1,0,1,0.1281133907965897,0.9806919723122859
0,0,0,0.15698767423918114,0.19944422999655492
1,1,0,185.3289503700074,0.19978508843700737
0,1,1,145.21965008750635,0.9895958980999243
1,1,1,98.9875314554453,1.0100043952598972
1,1,0,161.28559675507378,0.20465540114697406
1,0,1,0.13498500774685127,0.9994223889454309
0,1,0,106.00695358800547,0.20242881427172096
0,1,0,109.31933599637574,0.2003405181285954
0,1,0,101.14930732026812,0.19875342101851323
0,0,0,0.0988824132852083,0.2002746328274441
0,0,0,0.11699605234897437,0.20008082520168988
1,0,1,0.11708782236470243,1.0043540906831194
0,0,1,0.13054271477807766,0.9876002359930278
0,1,0,98.97446196195803,0.19666285211621776
0,1,1,110.46304020355231,1.0032001206958228
1,1,0,82.32045935427266,0.2003591863045154
0,1,0,105.85788225021061,0.20101764864180188
0,1,1,101.52580943044958,1.0001886852049826
0,1,0,105.69263183181197,0.20363648395254083
0,0,1,0.17939538271460123,0.9973465494003664
0,0,0,0.13481184218098374,0.20177450301669045
0,0,0,0.13579640590011985,0.1986592218747424
1,0,0,0.1512907296397832,0.19720626981410927
0,1,1,95.82978928612512,1.004051436341119
0,1,0,93.4492248330589,0.19910110866566783
0,0,0,0.150925423900783,0.20014085358839837
1,0,0,0.11116694836288876,0.2005705830870642
1,0,1,0.15304154862163952,0.9912772941783845
0,0,1,0.12759655846536797,0.9859066028151935
0,1,0,108.0187117870505,0.19922872120469273
0,0,1,0.12579817188152229,0.9970293096980472
0,1,1,121.00100742170761,1.0151655946844842
0,1,1,90.31988778474377,0.9952255982236757
1,0,1,0.16004841079147042,1.0049973520694653
1,1,1,112.46167869980816,0.9587465708814504
1,1,0,117.24257320162471,0.19714336170734387
0,0,1,0.13543443127336688,1.0315311964699818
0,0,1,0.13868767720311825,0.9996530475240857
0,0,1,0.12413645184626881,1.0114608661868414
1,1,1,81.25987333675963,0.9836996972064411
1,1,1,72.60046667782346,0.9897993194194584
0,0,0,0.11425577101463869,0.19956752930031135
0,1,0,130.9794011785488,0.20277564918448907
1,1,1,109.52984147754931,1.0152557908552773
1,0,1,0.11134857312819592,0.9919650909120148
0,1,1,91.03393335436216,0.9825364176507447
0,0,0,0.15695472046057501,0.19643058012109957
0,0,0,0.09804127888030696,0.19687376421363426
1,1,0,162.9865646015855,0.20388174959623281
0,1,0,91.9846588329451,0.19975279259071654
1,0,1,0.10532480879108065,0.9950661845892556
0,0,1,0.11376621633030579,0.993918329067715
1,1,0,104.28794492662826,0.1999395410411841
1,1,0,113.53069774154383,0.20025415913051225
0,0,1,0.1323812021412713,0.9968122606039563
1,0,1,0.1450703450252339,0.9909580828120331
0,1,1,116.37957285273578,1.0113879950995888
0,0,0,0.12560268143327022,0.1980759689746176
0,1,1,94.68486185586436,1.016631340796971
0,1,0,105.87432194513488,0.2023113446845406
1,1,0,123.07097494729487,0.195522713297721
0,0,1,0.11529001477666856,0.9906640902549474
1,1,0,147.36577696945926,0.19673594651984408
1,0,0,0.09343680734051729,0.1987763415755847
0,0,1,0.1309749784718747,1.0011844313884966
0,1,0,130.6460274156818,0.1959708590463954
0,0,0,0.10777855851058234,0.19902311079592974
1,0,1,0.11677842267500724,0.9839036577418486
0,1,1,138.22344782838715,0.9906086559912272
0,0,0,0.11189867154358137,0.20578584975782357
1,1,1,129.76547017357623,1.0038616176217021
0,1,1,75.21671872163114,1.006006459373448
0,1,1,86.6810839073403,1.0210146519561085
0,1,1,108.0876332829403,0.9981797426405391
0,0,0,0.1297496152577252,0.20753085264505947
1,1,1,88.21465815543286,0.9888306046003345
0,0,1,0.14103248521800235,0.9986874852229746
0,1,1,129.51531818179944,0.9715604219933776
0,1,1,110.49056260522516,0.9987914156099698
0,0,1,0.16066177079099947,0.9873486981705702
0,0,0,0.12257032865551455,0.19954295574976164
0,1,1,93.85316422505754,0.9974724189176928
0,1,0,130.74825420356711,0.19668885737990982
0,1,1,98.44976214902103,1.0010869007384273
0,1,1,109.29284684388904,1.007965815880696
1,0,0,0.09720743010078142,0.19833344452094234
0,1,0,124.9178256291474,0.20074432990559274
0,0,1,0.13348705008667766,1.008346405455321
1,0,1,0.14265920986783032,1.0099859589699465
0,1,0,167.5277458492587,0.19883752541054048
0,1,1,84.23238686974467,0.9788578020099477
1,0,1,0.13892199532827618,0.9971797757145885
0,1,0,119.96857935328127,0.20260686579064932
0,1,1,129.6418501241444,0.9811015549422528
1,0,0,0.10080103888614507,0.20098903578032212
0,0,1,0.11536392247429311,1.0074921392996965
0,1,0,131.0107657402268,0.19542990964082965
0,0,0,0.14511963655460883,0.1998509548935745
0,1,0,129.88732549997758,0.19967475143915397
0,1,1,138.60221886714712,1.003958519524976
0,1,0,87.88667074923569,0.19955585176916724
0,0,0,0.161188970284695,0.20018911469117967
1,1,1,114.69212576284124,0.9804291622750687
0,0,1,0.11120253186307791,0.9983144653777718
1,1,1,121.34153704925774,1.0087257465894621
0,0,1,0.10939818267030313,1.006678209848215
0,1,1,69.69157930769835,0.9956243179453709
0,0,1,0.15142580113697568,1.0084397639813774
1,0,0,0.12021033521768364,0.2017789045655253
1,1,0,88.03655754658227,0.19920650150862146
0,0,0,0.11107405082374228,0.19738022528426613
0,1,0,103.46009461529515,0.20192269649792974
1,0,0,0.1265631879488188,0.19861202166205594
1,0,1,0.1549531884182426,1.0124538426120373
1,1,0,136.60097510677352,0.1996766168040029
0,0,0,0.13281823602570966,0.20021046347564467
0,1,1,136.55752944548246,1.0044933735833381
0,0,0,0.12275325480010492,0.20199668286548722
0,1,0,92.41335004657589,0.20215382486267985
1,1,0,134.60924588138352,0.1972932399712566
0,1,0,92.07951049920368,0.20298375335479676
0,0,0,0.13008974632384007,0.1977959109773936
0,1,0,93.76084571044316,0.20050086856473645
1,0,1,0.1303715943115618,0.9922125405590773
0,0,0,0.10849284050038042,0.19796981191898264
1,1,1,79.41458023842263,1.0035264567487694
1,1,1,111.79657946250417,0.9729355092930964
0,1,1,95.83977020272786,0.9777159782082595
0,0,1,0.1070398741777843,1.0063166748761636
0,1,1,100.90323547764204,0.9962501923064299
1,1,1,102.07118407604939,0.9871675931573883
1,0,1,0.1117433267808,0.9995007487239861
0,1,1,100.10459621025966,1.0200948238223666
0,1,1,106.6409308289466,0.9941105695831083
0,0,1,0.15237028586319082,0.9857601927504269
1,0,1,0.119167487749411,0.9758813218279466
0,0,1,0.13610485367393135,1.0162161635636435
1,0,0,0.10950853966692956,0.19805876346116658
0,1,1,111.73549736522406,1.0018493908787562
0,1,1,80.9968768474541,1.00279735919791
1,0,0,0.14284391661477805,0.20081705446044743
0,1,0,99.3732990932306,0.20059218509965518
0,1,0,78.569968804784,0.19971783816733657
0,1,0,204.62078404812252,0.19851676327420453
0,0,1,0.138165865317711,1.0053327445137903
0,1,1,136.90157726917573,0.9992794613170995
1,1,0,78.60661891396322,0.20168981259849852
0,0,0,0.1041781269096604,0.19653030647914518
1,0,0,0.1438565033296938,0.19781651518097276
1,0,1,0.14961400504305888,1.0335966979459739
0,0,1,0.1602698913933844,1.013406528378831
0,1,0,103.95264369485356,0.2003239021460705
0,1,1,148.10002650536876,0.9932816529988638
1,1,0,97.58292860681507,0.20475019734604097
0,0,1,0.10679824791210109,1.016310302861499
1,1,0,103.4326408637593,0.2013965886547014
1,0,1,0.10476712423012191,1.0231391088409523
1,0,1,0.1194763382429746,1.0125854853799392
0,0,1,0.10154834796318789,0.9946777021967087
0,0,0,0.11167028545094568,0.20215608534541696
0,0,1,0.15400069300687466,1.0133373578772724
0,1,1,140.10881051510032,1.0001467285330143
0,1,1,106.6047970214874,1.0044578543118126
0,1,0,190.65176681905714,0.20261674886142036
1,1,1,95.64820479055133,0.9941328331399263
1,1,0,113.76864625488452,0.20078708019640773
0,0,1,0.10969763069474749,0.9990412905265883
0,1,0,100.92610670952806,0.19661450032683345
1,1,0,105.96764190289666,0.1975582630380063
0,1,1,141.97886502184215,1.003111448552403
1,0,1,0.1285233686626297,1.0078306544917313
1,1,1,97.12835666956222,1.0032160980912999
1,0,1,0.1355775355049815,1.0076131630451546
0,1,1,81.5435797805828,0.9910364933313163
0,1,1,140.39129334397464,1.0061875664418987
1,0,0,0.11997263482016712,0.19979926132246148
1,1,0,104.01072467538444,0.20022459977561
1,0,0,0.1190638008115064,0.19414595366507445
0,0,1,0.09634856028794442,1.0012288695106626
0,0,0,0.0965169101180648,0.19834745098739892
0,1,1,148.77940081242465,0.9830990787474672
0,1,0,89.39403273983817,0.19632821114666063
1,0,0,0.13496982406718913,0.1967713348163552
0,1,1,74.70945042094621,0.9753760425826724
0,0,0,0.11999593863757982,0.1999932992576903
0,0,1,0.11384589295031822,1.008596429350117
1,0,1,0.12849422884018247,1.0041315058257836
1,1,1,87.72243384898076,1.0103703897056646
1,0,1,0.1330631194368852,1.0225933098910287
0,1,0,219.3308687915632,0.20284888943120916
1,0,0,0.17225731644377415,0.2007917968476358
1,0,1,0.1404469665799468,1.0000431148431863
1,0,0,0.11249129181203388,0.19988832967832695
0,0,1,0.13703909277800233,1.019923619893948
1,1,0,101.26666404430348,0.20015891639108335
0,0,0,0.13994277395030827,0.20091639307532771
1,1,0,89.9371855116737,0.20251045503076498
1,1,1,154.73456449553066,1.0064973703515256
0,0,0,0.11369770783785572,0.19224637566385377
1,1,1,126.64250271688228,1.0242449202820798
1,0,0,0.16964959810236122,0.19612212666513146
0,0,1,0.1332058204154506,0.9899600533791116
1,1,0,109.62602385256187,0.19818693889596
0,0,0,0.14270829088916742,0.2005175829831428
1,1,0,128.1824031611999,0.20266696760242758
0,1,0,119.26294459312858,0.19864929787416463
0,0,0,0.135580203025132,0.20237460131160823
0,1,1,78.40855462475508,0.9815750027045641
0,0,0,0.13965044802747373,0.194410134905943
0,1,0,142.75110024450643,0.20157628638996855
1,0,0,0.11996801673207262,0.20200584116955198
1,0,1,0.12528188382015054,1.0315345915993044
1,1,1,100.45096763988558,0.9963491049598416
0,1,0,102.76740453292977,0.20374971872745426
0,1,0,100.1814457501205,0.2038677621829057
0,1,0,126.11379159822225,0.1936576512838034
0,1,0,103.72528334293955,0.2022638062838447
1,1,1,101.50656115851729,1.0042900704515203
1,0,1,0.13544092629461274,0.9999305019598818
0,1,0,81.45628551983225,0.20083215403461904
0,0,0,0.10772494243374962,0.19726330647912704
0,1,0,107.45789298375837,0.20612733138313985
1,0,1,0.13602224478490893,1.0171321081086382
0,0,0,0.14141703870436773,0.19508262892924197
1,1,1,101.66107888518245,1.0074856136606245
0,0,0,0.154716302865347,0.2012248465929459
0,0,0,0.13415562797731076,0.1965243574109997
0,1,1,108.40558683559594,0.9652369012621984
0,0,0,0.11079981624433799,0.19864094611306357
1,0,0,0.11642852871002536,0.19810156833069556
1,1,1,116.98404246956645,0.9907688281606912
0,1,0,135.03430702292653,0.19874629317640866
0,1,0,162.32730938097515,0.20313687427462174
1,0,1,0.161798999685542,1.01554662836632
0,1,1,96.64944572307435,1.011131793092655
1,0,0,0.14041812281454655,0.1989948904402008
1,1,0,83.5437013100073,0.19705175435290334
0,0,0,0.12412099222217748,0.19881669766454058
0,0,0,0.11554803787855102,0.19831595964512128
0,0,0,0.14993390833680775,0.20021686598852168
0,1,0,155.0261516966335,0.20047847305574396
1,1,0,120.08278631912161,0.19696517819826892
0,1,1,181.76021688994553,0.9942794171489848
0,1,1,81.86629121545592,1.0129714268907475
1,1,0,137.67525574179345,0.2039758130156692
1,1,0,83.775255355128,0.20180277046527
0,1,0,112.0435614783391,0.20085505417801255
0,0,0,0.114252301580284,0.20027390739610673
0,1,1,103.55344494565294,1.0056610251218758
0,1,0,117.11446669246496,0.19531384081087033
0,0,1,0.14991979386808796,0.9845966107631192
0,1,1,130.05102181485285,1.0046776376135669
0,1,0,92.1342097118737,0.20088879517292874
0,0,1,0.13884038624672304,0.992247586648396
0,1,1,91.34227331868306,1.0106559846999263
0,0,1,0.13134657577638242,1.0165722396394605
1,1,1,131.02607401100113,0.9899681953159597
0,0,0,0.13277169916388226,0.199568229936988
0,0,0,0.10616585623609942,0.20185980446978485
0,0,0,0.12035292263662704,0.20285449348168597
1,0,1,0.13847756789846524,1.003860174634092
0,0,0,0.11135183972285831,0.20322670532180276
0,1,1,89.48763216129568,1.0046796573656358
0,1,0,97.81276585494818,0.1974955664123405
1,0,0,0.11509292474581072,0.19873598690810498
1,1,0,121.51233631828168,0.1985013909681239
1,1,1,93.99646546359219,0.9817242850698735
0,0,1,0.10725007178077366,1.0180609221720829
1,0,0,0.13582805167813347,0.20124780610775647
0,0,0,0.13032730251734545,0.19470892493570463
0,1,0,119.60219212912253,0.20706307688313907
0,0,0,0.13983350994040053,0.20069812775691265
0,1,0,87.2739856233757,0.20380595301386303
1,0,0,0.17855846500524775,0.20356832790243073
1,0,0,0.10821255619685308,0.20191132584349278
1,0,0,0.15225872733815554,0.20187763041626047
1,1,1,75.5584189047693,1.0092404825618277
0,1,0,90.73667818676601,0.1983016257169899
1,1,1,89.99625913798765,0.992748883021387
1,0,0,0.1409790645454486,0.1983072926524026
1,0,0,0.10229637583639295,0.19960899223875456
0,1,0,86.79005567906974,0.19940930966545667
0,0,1,0.14042689491326102,0.9949913891158917
0,1,1,103.5976709108523,1.0010864960221406
0,0,1,0.13716636782934394,0.9941676131484494
1,1,1,219.0185714241922,0.9953317741429658
0,0,1,0.12731173840233237,0.9846695114876787
1,0,1,0.14181750770925333,1.0151593133291723
0,1,1,119.85720657960701,0.9901643926149741
0,0,1,0.12097778729415742,0.9947957456126821
0,1,1,143.54656586702893,0.9981219991766508
0,0,0,0.13548850317758115,0.19794095861887925
1,0,0,0.15188272598261632,0.20196886999823657
1,0,0,0.10971459521114471,0.20282487514224878
0,0,0,0.16790257689740992,0.19980684217855432
1,0,1,0.123918511650141,0.9869665601143462
1,1,1,95.88322829276491,0.9870093290271333
1,1,0,179.13901841409077,0.1974327456556101
0,1,0,89.8099603551947,0.20316052262992795
1,1,1,109.40437199198331,0.9915402356793466
1,1,0,111.70648399785955,0.19855852682644762
1,1,1,113.16666548546853,1.0028076945699556
0,1,0,196.0475944056682,0.20273907343884198
1,0,0,0.1387355542534618,0.2000723390321608
0,0,1,0.1101473483211739,0.9725698261984229
0,1,1,117.31131444843594,1.0190450691448034
0,1,1,112.56782746308875,0.9841817332942416
0,1,0,106.65983710609132,0.203518366407004
1,0,1,0.16289980193565187,1.0216695721777067
0,1,1,79.16005075960442,0.9970043433410412
0,0,1,0.15346863969187913,1.0139105437677456
1,1,0,89.00868535569789,0.20227778863326365
0,0,0,0.13698035879617898,0.1966209767761822
1,0,1,0.09957844789656838,1.0050579727108
0,0,0,0.1058394575217152,0.19964669924074382
0,0,0,0.14517879335589673,0.20456343701211285
1,0,1,0.12696362032112407,1.0039983328623023
1,1,0,125.64787376893663,0.19488862833353077
0,1,1,130.04171963404707,0.9920845726739795
1,1,1,88.42512123440162,0.9979953356785229
0,1,1,123.26778666274919,1.027874633401979
0,1,0,112.10648498351479,0.20143623100366267
0,1,0,114.95856505267672,0.1987458800172158
0,0,1,0.15231044158378063,0.984571894060681
1,1,0,92.69499346649701,0.198148791536973
0,1,1,134.45153790591422,0.9992522110969568
0,0,0,0.13471428123234508,0.19754757609904236
1,0,1,0.13749874107108118,0.9939904382805684
0,0,1,0.105759982346765,0.9885101515889033
1,0,0,0.11087444167767152,0.1978743139146402
0,1,0,161.95994089683577,0.19899005996786417
0,0,1,0.10297080026686138,1.0120309408373354
0,1,1,110.58571788221292,0.9976392290241922
0,0,0,0.11221689905047963,0.20304627399362618
0,1,0,127.47686259139687,0.19831769394285695
0,0,0,0.15336036312103954,0.20058500882088967
0,0,1,0.12495257218674789,1.0171046465803233
0,1,1,97.93915110900258,1.0054269725356497
0,0,0,0.15878796012349872,0.19946413092057363
0,0,0,0.1209007867606485,0.20095665792528616
0,0,0,0.1161321439483211,0.19813284473130782
1,0,0,0.10358277007336478,0.20254163192017938
0,1,1,106.81881733821608,0.9952718294350631
1,0,1,0.15091565351784328,1.0166231024191763
0,0,0,0.14662803866294719,0.19907593200365015
1,1,0,96.76846280700804,0.19839264489598551
1,1,1,107.67654994811254,0.9924442008243669
0,1,1,124.27581047106034,0.986361227584802
0,1,0,117.99594780172995,0.20284996640734293
1,1,1,119.06770099934683,1.0178478696242488
0,1,1,172.3639761644457,1.0008762104434168
0,0,1,0.09833046773740084,0.9871113730785253
0,1,1,128.06270973158968,0.9956973805613633
1,1,1,122.84890219326093,1.0167880530200752
1,0,0,0.17422427428534085,0.20232824459257134
0,0,0,0.10532207186748349,0.1962839479422279
1,0,0,0.13268898428198575,0.2008523996329275
0,1,0,107.20753637805018,0.20152244415825213
0,0,1,0.11088579909480377,0.9984680412390533
0,1,1,77.48844842083612,1.0001588918891857
0,0,0,0.12697370196272068,0.20130498120189202
1,1,0,101.7581192747977,0.19690083195774571
0,1,1,134.0113583374511,1.02169781448857
0,1,1,149.95130810314177,0.9983244265177784
0,0,0,0.14318859048509394,0.19926402696088846
0,0,1,0.11833069601351995,1.0202710203136676
0,0,0,0.12464510315338762,0.1990315719132871
0,0,0,0.12473566225700743,0.19780632298806838
0,1,0,86.46696970686341,0.20143053965124275
0,0,1,0.10902682919654492,0.9990115835918245
0,0,0,0.15702957307949025,0.19449321734438513
1,1,0,89.47044301066616,0.19919338952776958
0,1,0,132.25922880521324,0.2012495944169753
1,1,0,100.78457948146672,0.20060290638365708
0,1,0,91.3391535388855,0.1999314939562385
1,1,1,132.08470832369952,1.0121679868513984
1,0,0,0.10698527271583559,0.20051438448470504
0,0,1,0.12356890761138822,0.9868156014839039
0,0,0,0.1262094744153475,0.19300307883357717
0,1,1,147.998153872254,1.0023008526621782
0,1,0,89.73453030998353,0.20074836132886176
0,1,1,127.09051886061128,1.0024894681425058
1,1,1,114.91429271543653,1.013571725645269
1,0,1,0.15421315419896864,1.0007720575366033
0,1,1,108.07139225397431,1.0043869616262155
0,0,0,0.1688200455239724,0.19928562606786268
0,1,0,123.86390737208662,0.2007143120555707
0,1,1,133.01246700299217,0.9921340068678699
0,0,1,0.12262838282397784,1.001287477195233
0,1,0,79.37902177953796,0.20354453886287446
0,1,1,104.61647242345565,1.0195618758918639
0,0,1,0.14570621826903318,1.0181992177930614
0,0,0,0.11841932309479929,0.20609456629383693
0,0,0,0.10735866921906914,0.20025137669388884
1,0,1,0.14236566696732594,1.0028697876854844
0,0,0,0.1399167730152402,0.19763114648540558
1,0,0,0.10453651056565191,0.20014748741521396
0,1,0,105.05955770018693,0.19865634106296973
0,0,0,0.1340423314215456,0.20098751571902815
0,0,1,0.1352191677291642,0.9979616572168375
0,1,0,77.39678247259027,0.2030652678211158
0,1,1,108.43622879819029,0.990712309205122
0,1,1,193.71582109920914,0.9933241556833432
1,0,0,0.12117813912817296,0.2005050080975613
1,0,1,0.15051892047724597,0.9960510950830707
0,0,0,0.11618044609728836,0.19918566606510432
0,1,0,111.8763144191936,0.2003125691384758
0,0,0,0.12512297895582283,0.20109750936078943
1,0,1,0.1046472550544363,0.9996329997784346
0,0,0,0.15032141526218262,0.1993501045263082
0,1,0,107.58164763822364,0.1949516943876194
1,1,1,78.71209414974813,0.9985505371826287
1,0,0,0.10362973421468703,0.19769984715855626
1,0,1,0.12124342628549002,1.0214299459179002
1,0,1,0.13339629579096232,0.9990127727258953
1,1,1,115.47242695247084,0.992719526284343
0,0,0,0.14157868722034062,0.1995191857321289
0,0,1,0.13419741421490583,0.9850558189678674
0,0,1,0.1526316892007777,1.013984265460428
0,0,0,0.13361228670653835,0.20408811191921422
0,1,1,147.9033054879771,1.010886995136669
0,0,1,0.0876067758438724,0.9811053694380699
0,1,1,124.05938738794933,1.0047638106649588
1,1,0,96.30126382790552,0.20166266981900852
1,1,0,77.03532839631775,0.20069142341971377
0,0,1,0.13254015391445578,1.0140025451811727
0,0,0,0.13023422338994345,0.2033030608654365
0,0,1,0.13819560170665426,1.0138881541635245
1,0,1,0.12703273620670688,0.9976586029602503
0,1,1,111.95179385044432,1.0058532181437148
0,1,1,110.13449121117576,1.0076668105256112
0,0,1,0.15720840322242846,1.0075011893494934
0,0,0,0.11739388839475459,0.20025419807595074
1,0,1,0.1294533580868311,0.9850103227522202
0,0,1,0.13379702658998793,1.0137236231677826
0,1,0,87.3537835166866,0.19909811705646555
1,1,0,84.22570148855633,0.20019863734306595
1,1,1,108.03851916298355,1.005360898519518
0,0,1,0.1720748092474843,1.003542161309058
0,0,0,0.11267670320806811,0.1985958599318266
0,1,1,110.94656630915068,1.0022933121699742
0,1,0,135.1810286700775,0.20037976710537456
1,0,0,0.13030815237999255,0.20327340052107232
0,0,1,0.12677971979824604,1.007265504685474
0,0,1,0.17931554487469153,0.9901312258765896
0,0,1,0.13478867229760014,1.0034994682829637
1,1,1,121.47192439255181,1.0140611503290966
1,1,1,118.70356655998079,0.9989237275395755
0,0,0,0.14425055284838015,0.20159490752620582
0,0,0,0.10798751186101263,0.20195537552649456
0,0,1,0.14514352685649357,0.9881344786808717
1,0,1,0.12252725332983389,1.0061930187894927
0,0,1,0.1269796942607993,0.9964100061182776
0,0,1,0.1302031053199878,1.0049090922366513
0,1,1,117.50786589183588,0.9971782159359903
0,0,0,0.1289850032484197,0.19816271323919724
0,0,1,0.13754224582427133,0.9832632018634772
0,0,0,0.1383295784641255,0.2014293783073516
0,1,1,98.54175229303524,1.0034217904351777
0,0,0,0.10895286443054684,0.1995588683163745
0,0,1,0.12518306314115943,0.9933954066903642
0,0,1,0.12177197562650018,1.0072080035155406
0,1,0,70.83525120959499,0.19494972919522757
1,0,1,0.1352745307780361,1.0000410397521708
1,0,0,0.15022160539751842,0.20006067237669195
0,0,0,0.15437504461507162,0.19797371172723205
1,0,0,0.13462970426998186,0.19721719978767652
0,0,0,0.12371755857208591,0.20117171937116346
1,0,1,0.10034804920886208,0.9937232221549414
0,1,0,81.32478238258962,0.19914777882317275
0,0,0,0.1038820906521451,0.2033026128752749
0,1,1,91.55521581071538,0.9932063680623006
0,1,1,127.90187721664287,0.9981761965174483
0,0,1,0.11749816956817292,1.0294524470091735
0,0,0,0.13600680905595758,0.19381977236602804
0,1,0,130.77590454988515,0.19714649464913295
0,1,0,121.15300721717487,0.20032471855505732
1,1,1,98.33547219280496,0.9859099656342539
1,0,0,0.12338896952276265,0.20083506226501607
0,1,0,168.1097588720805,0.20073004338068198
1,0,0,0.13865156235896367,0.20322842090105178
0,1,0,77.61593589584092,0.19973079362192334
0,0,1,0.12002474677371154,0.9984273654077827
0,1,0,126.212464188217,0.2020585800422065
1,1,1,95.67674947247312,0.9968978198085561
0,1,0,100.0874911445922,0.20071800098900205
0,0,1,0.15315708195897892,1.016783615677011
0,0,1,0.1042968892951675,1.0168175632818528
0,1,1,156.83583704499915,1.0219954873887098
0,0,0,0.13116001560589988,0.20389061240405953
1,0,1,0.13463081042996888,1.002990745705802
1,1,0,112.5384080831195,0.20219265864439648
0,1,0,164.13904507612736,0.20263931828999818
1,1,1,87.48556235309867,1.0117651557899172
0,1,0,91.66001728101067,0.19753067349029246
1,1,1,109.46604162252723,0.9894326354848484
0,0,1,0.14116909568115588,1.0046520278977784
0,0,0,0.14481516521206447,0.2030178125445405
0,0,0,0.10322366914954884,0.19793627482590928
0,1,1,79.10411038020892,0.9938761287668705
0,0,0,0.11405903388284505,0.19788776082703316
1,1,1,101.71490186613859,1.0041249624767106
0,0,0,0.09138102930245909,0.2048190051932239
0,1,0,91.40804510114987,0.19800727621473516
0,1,0,81.24791895672233,0.19967099605649508
1,1,0,85.17901179287855,0.20163916850994504
1,0,0,0.15188911316627476,0.19968125618050858
0,1,0,107.52435712498162,0.20492316097045513
0,1,0,137.50209826091043,0.20047151037927785
0,1,1,118.68380471351618,1.0084855752904696
1,1,0,130.17188755090262,0.19731611718555203
0,0,0,0.11106712313764824,0.19711014866559384
0,1,0,69.13972040986145,0.1936231841469857
0,0,1,0.17443364899498315,0.993897240202424
1,1,1,121.85875840174239,0.9766672060797209
1,1,0,105.34706312658723,0.19725911811994704
0,1,1,105.02161407640651,1.0088262699545496
0,1,1,117.84981534603595,1.0030214801394328
0,1,1,91.21759602465103,1.0026658164552515
0,1,0,143.90438077285765,0.20188439256744567
0,0,0,0.13622964635187107,0.20451188916279842
0,1,1,99.45773793161877,1.0081693980947288
0,0,1,0.14400610374320635,1.003450732447801
0,1,1,90.5145339640196,1.0100002006619584
0,0,1,0.10118050899412735,1.006160372896242
0,1,0,125.72211663039259,0.19987356036589635
0,1,0,91.80596903194703,0.19821729680055578
0,1,1,76.27448396605251,0.9865863284918008
1,1,0,165.83991201636098,0.1983765555651375
0,1,0,108.63843020898605,0.19847407281232993
1,1,1,143.94736004934833,0.9978297511426485
1,1,1,79.11777660348736,1.0016370486896709
0,1,1,120.61910991731389,1.0014506530275264
0,0,1,0.1323112038138947,0.9919104246107503
1,1,1,136.79180457148883,0.9953369637070162
1,0,1,0.12244431366462408,1.0090857360486933
1,0,0,0.12900232899437314,0.20005294550666955
0,0,1,0.15578336937422396,1.0078500643533517
0,1,1,165.5393123530202,1.0006071326066766
0,1,1,83.24703314899742,0.9817051379938637
0,0,1,0.12717823214956306,1.0150929190077522
0,1,0,79.00917437440845,0.20084136279499745
0,1,0,130.58769617974588,0.2048846154259696
0,1,1,118.86776780423955,1.0006937902847732
1,0,1,0.12452161725439644,0.9861952036201431
1,1,1,77.0689921859338,1.0097699434984801
0,1,0,120.96360406563804,0.19848529800185297
0,0,0,0.1338906195113822,0.1991012222853788
0,1,1,77.0991045706164,0.984973011821175
0,1,0,100.4804588765289,0.20092670119584366
1,0,0,0.14511524100566722,0.19926244680535518
1,1,0,109.65412456956027,0.1992536802680696
0,0,1,0.14269193604295374,0.9706083259384374
0,1,0,102.44851053514927,0.19541397396377733
0,1,1,106.53794767136257,1.0152693329339564
1,0,1,0.12041266170661744,0.9947429796225041
1,1,1,108.67520766547955,1.0045553249070243
0,0,1,0.144325376029461,1.01970497927957
0,1,0,120.16262343388401,0.2055374755242582
1,0,1,0.13708722248216054,1.0136495760465662
0,1,0,89.29701967629438,0.2063551961615261
0,1,1,133.87302781355297,1.0060389820369773
0,1,1,152.5541384440226,1.0070347817471523
1,0,1,0.13275547787447695,0.9937027819297007
0,0,1,0.1387847157665192,1.0150223254249209
1,1,0,107.60134445589156,0.20079292569005744
0,0,0,0.13601701152004028,0.19931721349319345
0,1,1,89.155120636773,1.0048062019170638
0,0,0,0.08878070884868573,0.204786704026383
1,1,1,98.87599853267304,1.0051657190874521
1,1,1,66.933522724308,1.0011713161947473
1,0,1,0.1139647539982734,0.9971323741347775
0,1,1,114.32053505816442,0.983585525510969
1,0,0,0.13313475559135374,0.19703250734499575
0,0,1,0.1574125691341865,1.0095088954428375
0,0,1,0.16358394078424102,0.9932330572547771
0,0,0,0.11166846146200572,0.20198210944315978
0,1,1,133.1205650965555,1.010386295896022
0,1,1,84.90714566966952,0.9844049105253886
0,0,1,0.14353492969623038,1.0131084193724078
1,0,0,0.12372978653809691,0.19632342782196893
0,0,0,0.11257789069453099,0.20030128066013886
1,1,1,105.52919017833716,1.0052000189901262
0,0,0,0.13255781072974573,0.2006584752359494
0,1,0,92.44580454989544,0.20061838060869683
0,1,1,102.17964640628195,0.9946609328702809
0,0,0,0.13112057969837043,0.19957758763546185
0,1,1,127.34084781992709,1.010513322966807
1,1,1,211.79289425896113,0.9814958679285422
0,0,1,0.11589549838135853,1.0035408775878238
0,0,1,0.13561993535355918,1.0125617032326453
1,1,0,112.42883802760709,0.19800578329593363
0,0,0,0.1373700164585007,0.20254413887063324
0,1,0,123.3417315603517,0.1999503665779611
0,1,0,77.62911846353572,0.1990273526215906
0,1,0,98.04742858269712,0.1969847774382327
0,1,1,115.63231762252936,0.9882028976372137
0,0,1,0.18315371172929615,1.0216696968933214
1,1,0,115.85246471647669,0.18976782528758782
1,1,1,95.96820800341989,1.0010079765915019
0,0,0,0.16287343081609712,0.1981967043023002
1,1,1,86.86568779369719,0.9814126299951401
0,0,1,0.11969911087853302,1.0063848835267735
1,0,0,0.15171096269250192,0.20220510178354537
0,1,1,176.20487405520512,1.0191510468769047
1,0,0,0.13754412520995926,0.1983215129335257
0,0,1,0.11799765204615584,1.0010854773499875
0,1,0,116.15203316205314,0.19719382920741987
0,1,0,80.44335361040146,0.19990353318869686
0,1,1,143.53861139071617,1.003766766937179
0,1,0,95.32183369793874,0.19913939203429762
0,0,1,0.1136225191629191,0.9972786323288573
0,1,1,132.89355365485378,1.004994631495645
0,1,1,103.07180281813153,0.9887462313471388
1,1,0,131.6932863874275,0.199894201552017
1,1,0,124.42830149039301,0.20235930308209768
0,0,0,0.12422337909779409,0.19742332411045668
0,1,1,86.47495977542152,1.003719303759765
0,0,0,0.11064973231966578,0.1975493374127389
0,0,1,0.09316544585615343,1.0141244174524935
0,1,0,144.2257581310018,0.20180217027722233
0,0,1,0.13883245368594782,1.000648278883864
0,0,1,0.13887348865516982,1.0136949184684898
0,1,0,149.7727725176682,0.19879405278681989
1,0,1,0.1579722306113767,1.0120125891766485
1,0,0,0.09829581108424863,0.20272162519166023
0,1,1,178.75796992802768,1.0044295972828643
0,0,0,0.11962439410005542,0.20265765632534438
0,1,0,99.74710118779345,0.20025326074590313
1,0,1,0.1284716351830977,0.9914160871828541
1,0,0,0.16820077039994422,0.1998687776360035
0,0,0,0.15518060953413257,0.19777211128635752
1,0,1,0.13720443964801093,1.007455359169308
0,1,0,127.36827705083462,0.20315880010154447
0,1,1,139.39427422349561,0.9741501862364896
1,0,1,0.13001265846895937,0.9676476555046104
0,0,0,0.12305574147567724,0.20175612337320814
1,1,0,81.46258161464779,0.20185714737860314
1,1,1,130.17578847581058,1.005857868731371
0,0,1,0.13487992868861953,0.9987316795344308
0,1,1,102.3355037114107,0.9933505495414455
0,0,1,0.13947705727565243,0.9952618133724439
1,1,0,87.3609238003132,0.20129809704270013
0,1,1,116.30302468767653,1.008865424983328
0,1,1,101.5640488561142,1.0205538119778321
0,0,1,0.11493781568891237,1.0072580642532618
1,0,0,0.11190233061370052,0.2011255081779879
0,0,0,0.14100881610979152,0.19559212601895218
1,0,0,0.14823777981581482,0.19953949847066937
0,1,0,99.42245475058074,0.2017256236047767
0,0,0,0.14324562240500419,0.2021240486211605
0,1,0,88.6792511445934,0.199595468461592
0,1,0,96.9843479829134,0.20033873590264303
0,1,0,96.81520622490173,0.19682037236888011
0,1,1,83.70934722565607,0.996509349691313
1,1,0,108.26321551189201,0.19984824853501867
0,1,1,65.24573008789022,0.9660496730581896
1,0,1,0.14948232212544524,0.9934896516954952
0,0,1,0.11660148246243301,1.0060638583700316
0,0,1,0.145126768748288,1.0093402038890533
0,1,1,104.87292964439673,1.0003757807984874
0,1,0,113.1683440992298,0.19682844382494522
1,1,1,96.67651928252779,0.9859721984599318
0,0,0,0.1204112529694464,0.19618591444071207
1,1,1,100.62600943610686,1.001071818440857
1,1,1,129.86276672607062,1.0082314081117485
0,1,0,97.38768431075972,0.196537454474195
0,0,0,0.14136816310773112,0.20103640079862373
0,1,0,130.18073113522456,0.20330398520145887
0,1,1,108.80180688752587,1.0244095014446506
0,0,1,0.13107784829947083,1.0039112786243825
1,1,0,120.92219474141098,0.20020125786969503
1,0,1,0.1530124395406636,0.9977809688260146
0,1,0,106.11684258685301,0.1990490688468163
0,0,0,0.12148769789050802,0.1992686118819732
0,0,0,0.12406157428064922,0.19802497394312127
1,1,0,85.58231561623415,0.19440240100948605
1,1,1,110.7139600463716,1.0373074949307104
0,1,0,163.17043275065114,0.19754647978511164
0,0,0,0.1308659191143066,0.19711943352005398
0,1,0,127.37618357817486,0.20297501401248524
0,0,0,0.11733761535648383,0.20075746107967535
0,0,1,0.12984525970834315,0.9809001434040433
1,0,0,0.12813209268133105,0.20489991871268684
0,0,1,0.142743951202431,1.0018696150883857
1,1,0,116.2397860676881,0.19770600998240506
0,1,0,125.1723467541622,0.20217408732579484
1,1,1,138.95184433170965,0.984100336953498
0,0,0,0.1345950114103983,0.20165917454912385
0,0,0,0.1337536510474867,0.19702977537472974
0,0,0,0.142775024376967,0.2011999743007864
0,1,0,128.97840739906022,0.20054117441226918
0,0,0,0.13447297476702533,0.20009063967407728
0,1,0,126.6598285652343,0.20239318537735412
0,1,1,103.4148502666124,1.008341222247144
0,1,1,100.98033442602788,0.9846260469408488
0,1,0,80.37192045253227,0.19890447567079814
0,0,0,0.10732134591395269,0.19851928620464115
0,0,0,0.1288130527501497,0.20733656093074254
1,1,1,119.26839628591843,1.0140618933382752
0,1,0,88.71410304113408,0.20249842259828496
1,1,1,117.47457051963558,0.9990595577923235
0,0,0,0.11919270354590457,0.19902758002171186
1,0,1,0.10446897929308299,0.9865902932447161
1,0,0,0.12297732499113392,0.20146707761976795
0,1,1,143.83472695653177,1.0055787328573396
0,0,1,0.12409965925757344,1.0178406565758011
1,1,1,89.86575844780204,0.9717484523980885
0,0,0,0.13354861928814146,0.2008585300541963
0,1,1,120.25102865349447,0.9795288291550359
0,1,1,76.67510834863714,1.0053409418258834
0,0,0,0.16243375636639718,0.20035993787349052
0,0,1,0.10092702055586536,0.9854583407280958
0,0,1,0.1254099136582901,1.0064041389457552
0,0,1,0.14325107619401373,1.0119988655811367
1,0,1,0.12325895880302314,1.0055830102814716
0,1,1,93.20614407077801,0.9825588252142836
0,0,0,0.11750755535429598,0.1997121238290443
0,1,1,100.47639596533934,0.99536822339135
0,0,1,0.1083338478447733,0.9909961197939757
0,0,1,0.12368141923750745,1.0177110152275317
0,0,1,0.1361960198400908,0.9909777472675321
0,1,0,138.24910079808848,0.198015113253818
0,0,0,0.10890202675505334,0.20221056143325125
1,1,0,106.62501195367001,0.20279390011863357
0,1,0,154.03250319105962,0.19926337967305657
0,1,0,81.85557099583978,0.19821107224088497
0,0,1,0.15171694457979154,1.011006810107729
0,1,1,128.84262104248023,1.008762587253051
0,1,0,94.48404777987771,0.20225959878664404
0,1,0,135.38592089223354,0.20300938833660276
0,0,0,0.11199806501784348,0.2012765498225587
1,1,0,125.30991976601328,0.20213952242272415
0,0,1,0.12104616599137956,1.015660258720743
1,1,0,142.03921268937506,0.19744159977307285
0,1,1,89.82038376668523,0.9837126628244849
1,0,0,0.1538846562055776,0.2026164946965955
1,1,0,148.99753890546916,0.19891236577126015
1,0,0,0.11003983605358127,0.20332153254404067
0,1,1,132.02860777655397,1.0015229717406464
1,1,1,108.4558082418477,0.9720401017293346
0,1,0,123.25937516305602,0.19805493805001545
0,0,1,0.12841517132592498,1.006029719106061
1,0,0,0.12222149970123762,0.19801990189411
0,0,1,0.14804105930819936,1.009620800069442
0,1,0,105.35163890917559,0.19686047408698187
0,1,1,98.30495771323245,1.0017753636626574
1,0,1,0.1140903436662907,1.0162519515021944
0,1,0,104.33722193225076,0.19788930243515007
0,0,0,0.106276323628096,0.19814067063017712
0,0,0,0.12359775237641432,0.19654023898659312
0,0,1,0.14373051941558024,1.0079836674799767
1,1,1,100.67978149391298,0.9997325099403439
1,1,0,87.11879976155598,0.20054521637362374
1,1,0,73.77194954101529,0.20180258010314128
1,0,0,0.09694906759598752,0.19828742964919974
0,0,0,0.1505546767508324,0.2049399271251719
0,0,1,0.14135504668258617,1.0184606979580555
1,0,0,0.12325970004162945,0.1993225973982251
0,1,0,117.54603678143422,0.19325589751332645
0,0,0,0.1328427654117,0.2048642182699822
0,1,0,85.34959511425589,0.19827195378544626
0,1,1,100.29872593818921,0.9813970485632991
0,1,0,108.55107324322577,0.20491015222687348
0,1,1,104.79497550143508,0.9943654624355359
1,1,1,96.48069839571752,0.9825966027501489
0,1,1,85.33690410929675,0.9911647367043542
0,0,0,0.15447932043396162,0.20628366882475882
0,0,0,0.13804803071016478,0.2009143739910069
1,1,0,115.96468162822237,0.1979707236589731
0,0,1,0.13602893923280404,0.9953150354278859
0,1,0,78.78655424490063,0.20118122802878446
0,0,0,0.10382264037495201,0.204659048363575
0,1,1,120.53964808905468,0.9879542578231112
0,0,0,0.1067488427925411,0.1986115819328427
1,1,0,82.21409345599815,0.19647115995146397
1,0,1,0.12557547882324402,1.002052322528026
1,0,1,0.09655743074335459,1.0034650157413694
1,1,1,176.17508465639364,0.9737193288813244
0,1,1,122.55450558108676,0.9789362116324041
0,1,0,178.4276071346938,0.2013277127389879
0,1,0,100.48529552368628,0.2026459662412853
0,1,0,146.77978196259417,0.1986015581221289
1,1,1,105.32798475325053,1.0025203273657635
0,0,0,0.14146457206608193,0.1986473064598004
0,1,1,128.31786764816584,0.991154154363374
1,1,1,114.31503082693975,0.990970275476404
0,0,1,0.13176619642076418,1.0031436309028297
1,0,1,0.1364321987918489,0.9979713180602112
0,0,0,0.1513602306626248,0.20083166981507658
0,1,1,85.06874250041456,1.0002245789630027
1,0,1,0.13916883620596412,1.0163297456999636
0,0,1,0.14326502951317463,1.0026758348278932
0,0,1,0.12287050170758732,1.0048794425137033
0,1,0,107.88623396775137,0.1959533578880678
0,0,1,0.17205530648671447,0.9954470239194901
1,0,0,0.11233450915611252,0.20132722811799145
0,0,0,0.13244176565451274,0.19849777582427192
1,0,0,0.11867470493271257,0.2020420579901907
0,0,0,0.12117271453450329,0.19319458576355844
0,0,1,0.12603139566916902,1.01114273319214
0,0,0,0.12456643315183727,0.19802900206986598
1,0,0,0.14551337304328557,0.19693920011540514
1,1,0,196.0839388957231,0.2006636390810848
0,1,0,74.4123371301886,0.19981045679742446
0,0,0,0.13792090248604208,0.20178799237607434
1,1,1,82.66826307131271,1.0035080319478462
0,0,1,0.10424904501669723,0.9844164804345448
0,1,1,137.9900468021353,0.9879974726498878
0,1,1,99.97904867306345,0.9942890886214444
0,1,1,110.31615693246404,1.0206402052222736
1,0,0,0.16784783185112254,0.19840700373377215
0,0,0,0.1252500653122234,0.19824578673674337
0,1,0,69.32419675657151,0.2019682739471954
0,0,1,0.1764683575649078,0.9899704058623813
0,1,1,121.88089477573487,0.9907572986587978
0,0,1,0.11834233110291156,1.0030045319594512
0,0,0,0.1451243087323123,0.2039222654713837
0,1,1,87.11632448900146,1.0026095625282758
0,0,1,0.10729633217457023,1.0153313586132586
1,0,1,0.11568461583057194,0.9905706061260775
1,1,0,100.50325901410046,0.1975748650558754
0,0,1,0.10165708236938623,1.0005033611809933
1,1,1,99.40183785147866,0.9954277196356558
1,1,1,88.3630242445101,1.0204971407797536
0,0,1,0.1397840052483321,0.9824241854953306
1,0,1,0.14744483334985486,1.0083380367052082
0,1,1,101.46589301859368,1.0052924692942853
0,0,1,0.16021581351005731,1.001897533200613
0,0,0,0.14115166294927817,0.2007349352383723
0,1,0,106.01387937556073,0.20400207146977506
0,0,1,0.11316856777661304,1.0162568947879334
0,0,1,0.12477029268763473,0.9909017578343147
1,0,0,0.14773721892186117,0.1974833731750635
0,0,1,0.11769394589952414,0.9960699926677317
1,1,0,92.46042299932304,0.19919415558234232
1,1,1,91.82172950033595,1.0082948000047842
0,0,1,0.11642055384758865,1.0019434701200751
0,0,1,0.1300715482552271,0.9866665222851083
0,1,1,141.3340750394927,0.992380759733118
0,1,1,101.1484033987462,1.0193384639530292
1,0,0,0.11760628304606759,0.19507447430565236
0,0,0,0.13411929692123123,0.20514034598923134
0,1,1,137.98477559790612,1.0094519612776915
1,1,1,106.06602497921995,0.9931484206052502
1,0,1,0.11764124868827437,0.9954583469994707
0,1,0,91.8578639526682,0.19587358458787096
0,1,1,94.16149623303814,0.9895471466803272
0,0,1,0.1151481425341801,1.01937725297538
0,0,1,0.14281460570406268,0.9985859659820872
0,1,1,103.22748519330182,0.9685377887426937
0,0,1,0.1330868910177122,1.0124575330625212
0,1,0,88.80544553289,0.19858231299760026
1,0,1,0.14692838723405874,0.9846470185024964
0,1,1,91.27717855207158,1.0026101571487185
1,1,0,119.05424833457771,0.19481395868438992
0,1,0,106.02089817933366,0.20195344260097642
0,0,0,0.13101941246688936,0.202996156322458
0,1,0,131.98045226937012,0.2001574523165949
0,0,0,0.13326477013815846,0.19704991554839843
1,1,1,166.77481589520733,1.0177983913158282
0,1,1,146.5964382932356,1.0082450392019422
0,1,1,178.45246763470956,1.009303528246141
0,0,0,0.1339967770025157,0.20439521898157564
1,0,1,0.13774441729017264,0.9925736804355259
0,0,1,0.11779027270982795,1.0035543440585057
1,0,0,0.13272218419283682,0.19703265724994734
0,0,1,0.14721051601413823,0.9939650555983036
0,0,0,0.12325418319636423,0.19953538300876714
0,0,1,0.13734327582073394,0.9940309848337271
0,0,1,0.12534474796557568,0.991167652963491
0,0,0,0.16417289082792638,0.1983821815614645
0,0,1,0.12300450648962827,0.9994078324888586
1,1,0,81.29320879694576,0.19357369377975342
0,0,1,0.11931738053428152,0.9951310302330827
0,0,0,0.12484250401210217,0.19970654564050266
0,1,0,79.30064459264405,0.19582895476279408
0,0,1,0.11275249489825602,1.0183358618826404
0,0,1,0.1581842378731552,1.012048502885978
0,0,1,0.09408677541093058,0.9995758744091385
0,0,1,0.16632870953115386,1.003036266434615
1,1,0,138.4112518433042,0.19784994332258043
0,0,1,0.13038112802719082,1.0173064373785632
0,0,0,0.11481270755614871,0.19473203754747204
0,0,1,0.13870808693246936,1.0061018613752586
1,1,0,110.23562030681911,0.20173618154888204
1,1,0,131.41597809426253,0.19891883645975297
0,0,1,0.14898450075554517,1.0094114689545286
0,0,0,0.1676462720393912,0.19724447536866824
1,1,1,127.31313772577518,0.9905577721037875
0,0,1,0.12113668968343931,0.979676614241792
1,0,0,0.11290275633707027,0.20190723941222385
0,0,1,0.10709789841624431,0.9975924764819472
0,0,0,0.13211310450868963,0.2041580779360426
0,0,0,0.10261040833343411,0.19845900421800802
1,1,0,109.06818592466321,0.20124764612503912
1,0,1,0.1376408041996915,0.9831572593315838
1,0,0,0.13054663253643412,0.20058556128930935
0,0,1,0.1198165959026502,1.0104703592589934
0,0,0,0.13423866364147444,0.19865284335373037
0,1,0,90.62100233979722,0.19883433466762285
0,0,0,0.12075376951994074,0.2034318935499835
0,0,0,0.11315192365907493,0.20189649282171165
0,1,1,106.90928324121525,0.9788347681376817
0,1,1,120.89072469267144,0.9999055047010457
0,1,0,155.13930985786735,0.19886039559565769
0,0,0,0.1406052309572855,0.20476332271563594
0,1,1,100.50216172219605,0.9845518891670099
0,1,0,210.27510395542924,0.1985647233142815
0,1,1,116.16645026162625,1.0199301266618008
0,1,1,101.16412716473467,0.9887963405022275
0,0,1,0.13057045856279542,1.013047433030959
1,0,1,0.12178838509582036,0.9957090739776395
0,0,0,0.13318142519923706,0.20346352943063736
0,1,0,96.09665500323428,0.20016548559320513
0,0,1,0.13954134012882083,0.9915529908881806
1,0,1,0.12194955094519962,0.9854790760866304
0,0,0,0.12631807252276578,0.20098733444293265
0,1,1,88.42638953511528,0.9788703982722156
0,0,0,0.1131971057275224,0.19829140483442825
0,0,1,0.12715664603452628,0.9840294461470066
0,0,1,0.1364834600171636,1.010526113533999
1,1,1,96.69344246560863,0.9938969458043456
0,0,1,0.15500925405119703,1.0071536354455106
0,1,0,102.93444152180027,0.19317148502667786
1,0,1,0.13688303751779715,0.9965240139555095
0,1,1,192.56366800369145,0.9977611709727012
1,1,1,155.16016933720746,0.989185620447509
0,0,1,0.12513202821108957,0.9938213488666936
0,0,0,0.16147044852861142,0.20178770832646722
1,1,1,104.81659244135994,0.9972262442160799
0,0,1,0.1120445332221362,0.9982766182271041
0,0,0,0.14883165565970097,0.1977474207936713
0,1,0,111.80752328004057,0.2019802277164533
0,0,1,0.12122972699042033,0.9886984065399408
0,1,0,113.84911330956392,0.1980046768657715
1,0,1,0.12690789812164555,0.9955779149534064
1,0,0,0.13228858496444298,0.19851641830820896
1,0,0,0.1005949339984635,0.19977355592497667
0,1,1,112.14091923012248,0.9967609871438349
0,0,0,0.12883147002301115,0.20315576763820062
0,0,1,0.10858158822568766,0.9872525144961937
0,1,1,116.0741420828466,1.0071846312087847
0,0,0,0.13019736308096244,0.20102830501179558
0,1,0,111.91107311919481,0.20033782333800604
0,1,1,111.34687007282551,1.0050847154198537
0,1,1,159.89967017503935,0.9924710123627195
0,0,1,0.1309895585038872,1.003562123597477
1,0,1,0.1141953150454242,0.9961379736793509
1,0,1,0.14209337251324056,1.0051343149027214
0,1,1,89.51528030016726,1.0028869872707358
0,0,0,0.13620770279318242,0.2013363987767868
1,1,0,73.68514888531318,0.19760693747521568
1,1,0,102.98642090798457,0.20061916138579863
0,1,0,81.14328507279644,0.19568687495268558
0,0,1,0.12531123697477334,1.0026670471778019
0,0,0,0.11179146215875224,0.20476759107689776
0,1,1,79.33223411520754,0.9994929854268938
0,1,1,111.43550256247217,1.0090040845310653
1,0,0,0.10731900261144486,0.2040693989498999
0,1,0,169.58770318263652,0.19749365771237626
1,0,1,0.121340253659544,1.0068298950417438
1,0,0,0.14387494985882893,0.20029686443621336
0,0,1,0.10025370122574409,0.9806623669149517
0,1,0,83.87364299272897,0.19675764242677019
1,1,1,88.38784102530359,1.0065696243523679
1,1,0,122.7036593792946,0.20155563350484837
0,0,1,0.11735835213380717,0.9795600273639019
1,1,0,88.88542663618846,0.19823789372262518
0,1,1,130.02036386176425,0.9793254838675856
1,1,0,84.38880987121617,0.202051495560802
0,1,1,95.2485905846735,0.990241723890141
1,0,1,0.13781727693252488,1.029296257709945
0,1,1,118.32247127965553,0.9980939198341571
0,1,0,97.6735950495022,0.20002245962724277
1,1,0,125.35037204861975,0.20028181245740048
0,0,0,0.1102132332721425,0.19682774588881413
0,1,1,83.71076873603548,0.9835740959191115
1,1,0,80.16432121849748,0.20092166065323136
0,0,1,0.10618291988977596,0.9908121877113166
1,1,1,106.10276171519219,0.9737722770358974
1,1,0,171.90534035863783,0.19760281148302739
0,1,1,94.11269390748956,1.0298272681077496
0,0,0,0.13857152321059482,0.197906049984928
0,0,0,0.1485942345309049,0.20005048119669566
0,1,1,103.4612474165702,1.0048622250609354
0,0,1,0.12318859030615235,1.001667490212085
1,1,1,124.15295548001461,0.9956892595140562
1,0,1,0.10243399512371155,1.0089559616661745
0,1,1,82.66191578969509,0.9975291307074056
0,0,1,0.1443381132526496,1.0120996243210627
1,1,1,90.9181077385562,1.0303365448287134
0,0,0,0.11946802815760124,0.1962043018550088
1,0,0,0.10968354553495019,0.20399086834872962
0,0,0,0.12735509867643602,0.1989316703563331
1,1,0,170.9827570116091,0.1980692015242298
0,0,0,0.15460604707097178,0.20157194745530999
1,0,1,0.11081151453282562,1.015682706590929
0,0,0,0.13016062371604617,0.20051771852322073
0,0,1,0.1366481670420547,1.0174880418205021
0,0,0,0.11328116279345037,0.1996156188568047
0,1,0,131.2292881485716,0.20045650343717136
1,1,0,124.06451003325304,0.200840506771947
0,0,0,0.13455888053929826,0.19581421515766448
1,0,0,0.12586880117336516,0.19824547689142433
1,1,0,95.82899461310981,0.2004820839146633
0,1,0,87.95897417010424,0.20086774496446047
0,0,0,0.13484568503918457,0.20003480100106955
0,0,0,0.15070811761721153,0.20226882108402416
1,0,0,0.12191795454624917,0.20497995841392408
1,1,1,98.13694410190035,0.9803615815645167
0,1,1,107.34094399477806,0.9912215207836527
0,1,1,84.9847330485054,0.9987486755746767
0,1,1,89.74062255670302,1.0148031529590111
0,0,1,0.13048051137155034,1.0084014503883634
0,0,0,0.11953485164032937,0.20113493195445345
1,1,1,137.8230340748963,1.0100053959169033
0,0,0,0.10212584327838996,0.2032675394310694
0,0,1,0.12988814282791536,0.9994078156676521
0,1,1,87.69623202275137,1.0036026989744313
0,1,0,91.50538427075865,0.2013476239718591
0,1,0,129.7904424406024,0.19944623679789
0,0,0,0.11140015066062012,0.2030447121261359
0,0,1,0.16326421420871512,0.9917796608827656
1,0,1,0.12974064930768048,1.006308469474378
1,0,1,0.12166040210323098,0.9762298345102615
0,0,0,0.1404935093821922,0.2049083319389308
0,1,0,118.75108263587042,0.20234386834143925
0,0,0,0.12235884673234466,0.1978477730332215
0,0,1,0.12779984157359156,1.0045779485061748
0,1,1,103.1136153458513,0.976543863641418
0,0,1,0.13456830989519772,1.0123495657381683
1,1,0,107.0805578919271,0.2000080597307619
0,1,1,128.7248679073686,1.006856720347759
0,0,0,0.16274846153411296,0.19948483446996734
0,1,1,125.34512676665017,1.0039506920681744
1,0,0,0.14004823330394325,0.19644602477121467
0,1,1,122.25673433812881,0.9897425203370761
0,1,1,90.32019412365956,1.0096007819918145
0,0,1,0.12945775084006045,1.0065414898262095
0,0,1,0.15409853921934005,0.9743144293763978
0,1,1,121.32193009524393,1.0103982419865754
0,1,1,115.28524808963301,0.9902930897529019
0,0,0,0.16429634339278903,0.19813933549837984
0,1,1,124.91397280835473,1.0066461257684611
0,0,0,0.11329217341161793,0.19912694523827554
0,1,0,95.77070776580506,0.20268775206942527
1,0,0,0.14197182217816237,0.20082342943415413
1,0,1,0.16927968866214127,0.9995987556560731
1,1,0,140.2785401825645,0.2018078245468926
1,1,0,129.78782030391395,0.1980718791227809
1,1,0,88.23453453560295,0.20006811041946293
0,1,1,142.96163539417628,0.9782809796305244
0,1,1,132.26960643740253,1.0029293602308065
1,1,1,87.5640143183554,0.986813514779624
0,0,0,0.11889669669072173,0.20473700037125098
1,1,1,93.06488263624134,1.009307548326857
0,0,1,0.11345552478486658,0.9870484464510072
0,1,1,141.94112139649735,1.0265696058393183
1,0,0,0.1563325381482106,0.2011149523586606
0,0,0,0.08823013246335393,0.19963760559405958
0,1,1,109.96440612504642,0.9866583613875606
0,1,1,130.91001698252288,1.0044783577429668
1,1,1,123.24555402818297,1.00484313760832
0,0,0,0.14121683576044766,0.1998292934553879
0,1,1,108.1624476711268,1.0022157024473706
0,1,0,90.52069006253005,0.2017792800768844
1,1,0,112.96241255276377,0.19879896118426382
0,1,1,119.89746410865938,1.0153987026943727
0,0,0,0.1555715791618874,0.1965964811093751
0,0,1,0.1248957831736636,1.0048550581555105
1,0,0,0.12688302294834863,0.2021008988104369
1,1,0,95.75620695727793,0.20120666204211735
0,0,0,0.11343731645175165,0.20106212770873733
1,1,1,134.69913253981417,1.0168314993419483
0,1,1,96.50465534835581,0.9936024719141098
0,1,1,145.72659580810287,0.9911563547672237
1,0,1,0.13502260673065405,1.0141172760428023
0,1,1,95.8114192604701,0.989827050775026
1,0,0,0.12168227119203397,0.1970507218184092
0,0,1,0.13496503823544348,1.0000902931299847
0,0,1,0.1303180782805654,1.0038636980337707
0,1,0,76.58656797989863,0.19749087647931285
0,1,1,124.41700607491724,1.005360138379233
0,1,1,126.7786032216712,1.0034814589381922
0,1,0,111.92465562900661,0.20295302723225278
0,0,0,0.11587473952200428,0.19960915242839064
1,0,1,0.13271234881223268,1.0039190302855219
0,0,1,0.11066325933500057,0.9868746979587993
1,0,1,0.11188215639361608,0.9806017283455358
0,1,1,126.6463814262723,1.010248742200221
1,1,0,116.7042706080166,0.1989525936370585
0,1,0,129.83621615985373,0.20229559101097436
0,1,1,89.27859705408356,0.9944281126925028
1,1,1,93.3603426507912,0.9922309631683996
0,0,0,0.12758132495119343,0.2095077225992255
0,0,1,0.12381194484434281,1.0204202624191123
1,1,1,68.91446147620735,1.0012065247233717
0,0,0,0.11678121024822484,0.20369215261115864
1,0,1,0.14506151179849744,0.9949393598639507
1,1,1,106.54818283370578,1.0188555010940499
1,0,1,0.11133877543015046,1.0056646145833388
0,0,0,0.14945034044246194,0.19648488729098623
0,0,1,0.14712998719247025,0.9609726280749635
1,0,0,0.11451351658825651,0.20092888548310006
0,1,0,112.8533849683404,0.19629614119281968
1,0,0,0.13759884276161627,0.2014894897476825
0,0,0,0.12705258654734997,0.1973491546487738
1,0,1,0.11335834698344623,0.9820736943106768
0,0,1,0.12915610224009444,1.0066669116922988
0,0,0,0.10961573961857131,0.19865793818344205
0,1,0,108.65296695751934,0.2019357904641763
0,1,0,80.60046617477275,0.19942605931675833
0,0,1,0.1239735547226351,1.0144641292288963
1,0,1,0.11761858792864317,0.9972429120963237
1,0,0,0.12598403717431847,0.20161346896652396
1,1,1,96.15142192757109,1.0059050962164844
0,1,1,101.51159642673068,1.007325372192891
0,0,1,0.14252063980962512,1.0090383265318623
1,1,0,136.93432844520652,0.19790074587482034
0,1,0,118.12130930419085,0.19778042743973953
1,1,0,90.91221084709959,0.1997832963271696
0,1,0,112.77340847869466,0.19631039427705876
1,1,0,131.4143845337979,0.2021287518722651
0,1,0,103.8025906507525,0.19397480908826073
1,0,0,0.10425989851438146,0.20100629406696524
0,1,0,88.79653146216542,0.19784231760082766
1,1,1,49.039822233040915,1.0052873205638386
0,1,0,85.83727279344737,0.1986600854879333
1,0,0,0.12001813707742816,0.19840196776937835
1,0,0,0.13874577448764913,0.19999271148849426
0,0,0,0.12270779760623088,0.20054252285192709
1,0,0,0.11175399220721674,0.19967895082736303
0,1,0,160.42826110765796,0.19977401285383958
0,1,0,87.45984843624649,0.19702673475489754
0,0,1,0.10290888139315842,1.0095188910960748
0,1,0,95.24794480901515,0.1977627009987221
0,1,1,68.77746379983157,0.9842690580061252
0,0,0,0.10750654425781078,0.1977096815521793
0,0,1,0.10212583398367621,0.9957228733222975
1,0,1,0.12079644283916999,0.9983984676922188
1,0,1,0.13543046968888584,0.984877068236118
0,0,1,0.08819537822889272,0.9935033999045227
0,1,1,129.63470192107476,1.009069191370992
1,0,1,0.14219627793880116,0.9962790102189416
1,0,0,0.15061580020458273,0.20201987180862982
1,1,1,113.46390609773059,1.010459032439054
0,0,0,0.10462982800529307,0.1988132952381302
1,0,1,0.08007308853891709,0.9856363500446534
0,0,1,0.12445897691373055,0.9722089511079698
1,0,0,0.1389164146094069,0.20082621825117197
0,0,1,0.11493975598859975,1.0025617553684725
1,1,1,106.61747008874758,0.9996838716205679
0,1,0,90.88290167301481,0.2001278678350791
0,1,0,118.0567057395337,0.20180019006926683
0,0,0,0.15718355283137095,0.1991872350855089
0,1,1,75.80795725963031,0.9890544857208263
1,1,0,132.244675628112,0.19897960782503932
0,1,0,127.37454212493479,0.20024566825776846
0,1,0,82.28583478922714,0.1958024847491824
0,1,0,102.35857459324481,0.20102801909406168
0,1,1,157.0267869815141,1.005748456564147
0,1,1,128.06641732271947,1.0237945715025276
0,0,1,0.13387926248055942,1.012836704505628
0,0,0,0.14649678852687759,0.20067709627971209
1,1,1,139.86146875157414,1.0064831888568346
1,0,0,0.12117746168310588,0.19986939784517568
0,1,0,102.40925634282725,0.19706066646840376
1,0,1,0.17268064273959707,0.9952117745223976
0,0,0,0.11704332340082257,0.20206598909606277
0,1,0,77.52685296547808,0.20207435622500194
0,1,0,123.53411520633944,0.2035602518605708
1,1,1,92.26760173761545,1.0105873946878345
1,1,0,87.9509784828615,0.20228225190944438
1,1,1,123.44345339223386,0.9996324634682673
0,1,1,106.69566468106447,1.0245511653596702
1,1,1,68.96970102281618,1.0081370802678575
0,0,1,0.137509927370609,1.0131951047603598
0,0,1,0.13281242832690182,1.0003712229729134
0,1,0,99.25252787050795,0.199588153766244
1,0,0,0.13041976546279577,0.20230264290141428
1,0,0,0.11244031301896193,0.19668300343792916
0,1,1,150.19220818091688,1.0085938244500394
0,1,0,99.81737626227843,0.20109424010166854
0,1,0,111.14470677760099,0.2019662260468425
0,1,1,110.17891758539872,0.9999582561114093
0,1,0,102.63167858126339,0.19931326375604524
0,0,0,0.1296506412810377,0.19719072181607353
0,1,1,103.67268894786643,1.017855159683717
0,1,1,81.8075650677467,0.997960766859058
1,1,0,121.90721712548358,0.19531963982040954
0,0,1,0.11312322373873158,0.993241665552798
1,1,0,129.10975623435752,0.20003338560755946
0,0,0,0.13716266088797668,0.19349834130620464
1,0,0,0.11602344537457923,0.20281721220603688
0,0,0,0.14440439044755185,0.20012184443599296
0,1,0,102.25217710370069,0.2025934816822987
0,1,0,97.78837324867182,0.19925322107495413
0,0,0,0.11140061522619829,0.19786985472339041
1,1,1,75.23198902994206,1.0132468487997526
0,0,1,0.13147090522707752,0.9876057257003791
0,1,0,67.85263467107214,0.19785239244532749
0,0,1,0.12600088289136574,1.0044213339668822
1,1,1,95.51075548090304,1.0169312663874508
0,0,0,0.1256781627888024,0.19538656989597256
0,1,1,149.26672935629853,0.9885203876636125
1,0,0,0.12161384257883384,0.1975074388033856
0,0,0,0.15773834358530117,0.19754600923929957
0,1,1,96.44036401464014,0.9970610325948404
0,1,1,116.55930057565182,0.98917963626863
0,0,0,0.11207045376600258,0.20173547210260648
0,0,1,0.1458615025638124,0.9937713462869981
0,0,0,0.11204653622388606,0.20278668390352458
0,1,1,128.75425199959926,1.007747317090509
0,1,1,91.33756149486881,1.0040041562464277
1,1,1,90.97885427468458,1.0143689802273708
0,1,1,125.40942036809346,0.9822952586791136
0,0,1,0.097684896315329,1.0067335032477729
1,0,1,0.15249539381190363,1.0127994990181777
0,0,1,0.1285067130332878,0.9961900871705299
0,0,0,0.11221466893057726,0.2004429661645154
0,1,0,82.35307617017693,0.20062565104762542
1,0,1,0.1388748821584107,1.0048812916423246
0,1,1,97.65941508372767,0.9862071366145848
0,0,1,0.1122554489149085,1.0072081942213695
0,0,0,0.15603649062179975,0.1997691343567524
0,1,1,84.08616505483059,1.0013048988734903
0,0,1,0.14947762956359908,1.013430851525431
0,1,0,133.28863835214688,0.19917262200688354
0,0,0,0.14061535125782731,0.20287751695546366
0,1,0,116.37474508614059,0.2016291870157022
1,0,1,0.12401324272613752,1.0119647192767554
0,1,1,92.74811672415754,1.0039562143380323
0,0,1,0.13594068888593228,1.002357556436269
1,1,1,113.94315296243057,0.9907308636497937
1,0,1,0.13127378191301425,0.9988548240482987
1,1,1,126.00105032399664,1.000094613426043
0,0,0,0.11156270561733227,0.2009520651822167
0,1,1,150.71522572237353,1.02547700781865
0,1,0,93.4025465706246,0.19750518977539017
0,1,1,109.41907601672155,0.9889453716557138
1,1,1,117.8971797032281,1.0104193856649284
0,1,0,106.67467339817564,0.19744874073803897
0,1,0,63.73159856604252,0.2042451398142755
1,1,1,120.7561002592593,1.0084317782468508
1,0,1,0.13582271304074456,0.9916897902523203
0,0,0,0.11714949643370715,0.20337097637371682
0,0,0,0.12320131060859707,0.20112270854027853
0,0,1,0.1405660154726352,1.0220605703383736
0,1,1,176.01377405160687,1.0166885281632143
0,1,0,113.20528899838992,0.19779294447746484
0,1,1,89.47883098153346,0.9922914441206107
0,1,1,147.65217043140026,1.0112657218298904
0,1,1,103.41480031637795,0.997331940108774
0,0,1,0.1279937134034943,0.9978153850180794
0,1,0,107.57445953904971,0.20105187350975984
0,0,0,0.11204538644012924,0.19724128383755765
0,0,1,0.13494957208366423,1.0007358264994186
0,1,0,66.62683226205206,0.19517493969346889
0,1,1,85.34967911395476,1.0047923388697093
1,0,1,0.10523439403044638,0.998909055429546
0,1,1,96.52946677055319,0.993816964902009
1,0,1,0.1459358467946709,0.990255783345345
1,0,1,0.1345437782360542,1.0179634561329298
1,0,1,0.12021036182036429,0.9861006282045436
1,0,1,0.10219603138950838,1.0184067041049887
0,1,1,106.35347507858931,0.9828002404043542
0,1,0,105.77098942739669,0.2010283873565477
1,1,0,68.24359983497969,0.20419324778740805
1,1,0,130.2641333349935,0.20120009495402183
0,0,1,0.14870890093964986,1.0044704964751303
1,1,0,100.2311723690396,0.19837368688337936
0,0,0,0.08960521351457162,0.19915475078357758
0,1,1,109.59875578094649,0.9738922345926408
0,0,0,0.12153428679693894,0.20071822901344732
1,0,1,0.09058202024186054,0.9988603213146674
0,1,1,106.90343375648014,0.9908363649952441
1,1,0,229.5027428656969,0.19328749821386956
0,1,1,86.10875696643403,1.0140863101579622
0,0,1,0.10627649309496669,0.9857426595262633
0,0,1,0.12287003918760712,0.9944370429743355
0,1,0,82.33328307636093,0.19708407358032348
0,1,1,101.15669906769266,1.0090443624741685
0,0,0,0.14173409006897383,0.2032694757408549
0,1,1,138.02769731721293,1.0159630401049469
0,1,0,105.15139289253692,0.2031054008051651
1,1,0,123.15205219399853,0.20441031992979175
1,0,1,0.14078456276470616,0.9897207674051545
0,0,0,0.11145301820645397,0.19771334194345827
0,0,0,0.14843866522710186,0.20082951513792782
0,1,0,136.514383629713,0.2011321138317519
0,0,0,0.1429115285580159,0.19969781876410816
1,1,0,91.97213279076884,0.19274191968755416
0,1,0,121.77274265562345,0.19982601024716815
0,0,1,0.13420924906027226,1.0019535683037806
0,0,0,0.13926088373068457,0.19796002358960865
0,1,0,146.2215332280105,0.1974519563624301
1,0,0,0.14280619736153943,0.19993621433587183
0,1,1,128.66592983409652,0.9922953395135489
1,1,0,105.53516690696058,0.20086977564785555
0,1,1,122.72849884427843,0.9852045386927981
1,0,0,0.11964840522285179,0.20067848381830786
0,0,0,0.1283104329872552,0.20249312648052886
0,0,0,0.1175845554540387,0.20257920693569428
0,0,1,0.1433792612644416,0.9756774317833371
0,0,0,0.13104585319742462,0.194542125357137
0,1,0,116.7366915762903,0.2029044830240387
1,0,0,0.1029292600640264,0.20205124312295222
0,0,0,0.12413259085431035,0.19984399240480244
0,1,1,130.72382791975573,0.9883484070303125
0,0,1,0.12272003764474693,1.0125710197295108
1,1,1,94.09326278154461,1.013684594739339
1,1,1,166.51153288421472,0.9908380310375091
1,1,1,108.54813517732207,0.9941723534129442
0,1,0,119.46138718877722,0.2042817261148141
0,1,1,118.51240892421967,1.0084065407521994
0,1,1,114.11808831854059,0.9904767446772277
0,1,1,80.91859904166849,1.0061149798195548
0,1,1,146.72988255417084,1.0026643809939824
0,1,0,185.2527224847376,0.19874174563134633
1,1,1,110.6645484971613,1.014940210395831
0,0,0,0.1281111461173562,0.19734649743109436
0,0,1,0.13033524107663022,1.0124793898508346
0,1,1,101.62538504857459,0.9937425727356246
0,0,1,0.14370902960340876,1.0405414857300126
1,0,1,0.099481023130306,1.0096452209677982
0,1,0,121.94787918478458,0.20437345386896708
0,1,0,129.1217324616244,0.2032831099298199
0,0,0,0.14229119100456974,0.2011164714014744
0,1,0,108.87193015210927,0.20033499566650612
0,1,1,96.04185807403555,1.0115318526633976
1,1,0,125.6539628372343,0.19917995380129938
0,0,1,0.1260870012074164,0.9878819714127222
0,1,1,184.48087753150548,1.008753894408086
0,1,0,111.20911664161645,0.19716054863681665
0,1,0,114.24136042774404,0.2009141273385789
1,0,0,0.12183490557665588,0.20003538876376706
0,1,1,78.64074716371856,1.0040974264345006
0,0,0,0.13033493571405688,0.2023897833309457
1,1,0,134.05829513858873,0.2004290560950806
1,0,0,0.10610964213733073,0.2013421954883021
1,1,0,120.94938896735653,0.1957829971457305
1,1,1,134.51573289881725,0.9983454218109172
1,0,1,0.1199230780002763,1.0035056683234576
1,1,0,122.19003399858859,0.19765328685409514
0,1,0,114.33120180474378,0.20505849152704414
0,1,0,63.16247435588,0.20321613844123804
0,1,1,87.45857431560837,0.9941150819771472
0,0,0,0.10975405309484677,0.20268673048439614
0,1,0,86.53839178033301,0.20172421580533345
0,0,0,0.1267501843514862,0.20011015823187425
0,0,0,0.13902416231684017,0.19355500426145494
0,0,1,0.1424854772241736,0.9953668240147306
0,0,0,0.12093432035305222,0.20120870963406423
0,0,0,0.11081960992667847,0.2003176199906928
1,1,1,138.89270299819688,1.0063560437312111
1,0,0,0.15845273159621875,0.19694522644946263
0,1,1,122.70512731897097,1.008873702305874
0,0,1,0.13094174986598253,1.0004875767239885
0,1,0,116.2561983802767,0.19915769339199504
1,1,0,80.84952969596978,0.20190493356838504
0,1,0,80.64258039065594,0.1975443590445551
1,0,1,0.0849965567026655,1.01630435643737
1,1,0,186.69687184037323,0.20305046316943345
1,0,1,0.10979165045029197,1.0125703757204512
0,0,1,0.10138091424388643,0.9959518752588072
1,0,0,0.12469041007593246,0.20371673637606022
1,0,0,0.10001378242471824,0.19536362831314077
1,0,0,0.13958256171015226,0.20303179069531208
1,1,1,81.38307811555117,0.9802816693067972
0,0,0,0.13115172840824496,0.20165975297559605
0,1,1,100.13073457221256,1.0098808529322447
0,0,1,0.13064100393726946,0.9989933273690146
0,0,0,0.12445047556902492,0.19655750426865293
0,0,0,0.13865439910189623,0.20045341630003657
1,1,0,128.3631363282794,0.20632629567973162
1,0,0,0.1332981593241327,0.19610094013143067
0,0,1,0.10045669518392616,1.0010613170377685
1,1,0,88.5762258767494,0.20405385370770365
0,1,0,140.9862765018136,0.19899796906864392
1,1,1,123.51069017385073,0.9940718130533716
0,0,0,0.13812227634186464,0.20300128512867135
1,0,0,0.14229008632848386,0.20112489106519052
0,0,1,0.11861290791588826,0.982584706623758
0,1,0,98.2984353772662,0.20081677443173854
1,1,1,110.5596110282274,0.9945119637995841
1,0,0,0.13029906249062695,0.19744575659145897
1,1,1,98.09897616075766,1.0233800010754177
1,1,1,100.51015571956125,0.9956212628075658
1,0,0,0.10383703393194388,0.19670327160628456
0,1,0,128.37109046244512,0.20188974993024944
0,0,1,0.10444910837246282,1.0186945338735152
0,1,1,126.79825218617361,1.0067138828641475
0,0,0,0.10658346379628536,0.19716633782495
0,0,1,0.13529901540578065,0.9914690012438252
1,0,1,0.13026315348671696,1.0227619299901527
0,0,1,0.1384127583893963,1.0024906198631065
1,1,1,181.209098673197,1.0145941917781809
0,1,1,84.21480595775847,0.9737352143577781
0,0,1,0.16686710387522566,0.9855503049389887
1,1,0,98.52135400144168,0.19903313228607858
0,1,1,107.07325029062638,0.9888873896541035
1,0,1,0.11755930471989558,1.0019344279997942
0,0,1,0.10047612291456237,0.9934995188367366
0,1,0,150.88510989334918,0.19932848317688118
0,0,0,0.13750760840832643,0.2025898156240419
0,1,0,68.64195386073354,0.20065466408908855
0,0,1,0.11563642329443964,1.0109750419551524
0,0,0,0.13076172308407416,0.2024837211158443
0,1,0,184.74581964961948,0.19614991033401522
0,1,0,96.09770216674725,0.20449655837600264
0,0,1,0.10938972824739966,0.9998516348657722
0,1,1,76.87402047679015,0.992230699736636
0,1,0,86.36508697174864,0.20179118980884075
0,1,0,123.77714676735003,0.20005129185775838
1,0,1,0.13864190474550145,1.0322411766374837
1,0,0,0.14575983357916913,0.19889362592354506
1,0,1,0.12416830897215168,1.009701420540727
1,0,1,0.14881433667364175,1.0158305535476686
0,1,1,102.08189580377024,1.0158069316545977
0,1,0,214.00728749996327,0.20440766652083653
0,0,0,0.13711873377157172,0.20119495597767115
0,1,1,134.54527145238185,1.0066112635052602
0,0,1,0.10564252777725867,1.0014714526897126
1,0,0,0.11796064370176823,0.1989228731802448
0,0,0,0.12395766368532918,0.2010903668518499
1,0,0,0.12476115955218557,0.19859805545687925
0,1,0,90.27900100219149,0.1965532238388151
0,0,1,0.12589039430624965,0.986403564801938
0,1,0,103.54447891083261,0.20078721251642048
0,0,0,0.12430059537638012,0.20048837075264855
0,0,1,0.11771412029670748,1.001425752332172
0,1,1,153.16250316303723,1.0112409569365775
1,0,1,0.14117240095459244,1.0026751369850921
0,1,1,123.85820724759901,0.9917677325044879
0,1,1,115.24915312480182,1.0222962286418842
0,1,0,120.19311194755564,0.19842640938397266
1,0,0,0.1405410051768124,0.2000896649969475
0,1,0,113.09652752622452,0.1994747913059531
0,0,1,0.12843652668147762,1.00484692239252
0,1,0,104.04392094108877,0.19941558062100687
1,0,1,0.12801931738236513,0.9901074225978191
1,1,0,115.07068416083509,0.20331614258371972
1,0,0,0.13566082638623447,0.19469248504405087
1,0,0,0.1494497131777743,0.20337452689689706
0,0,0,0.14960227946959345,0.20056883748131626
1,0,0,0.1573755062706984,0.2016286755883363
1,1,0,104.4690933956901,0.20236460529603612
0,0,0,0.15630054040112323,0.20279769444317794
1,1,0,91.62801139266944,0.19710323840267843
0,1,1,117.76021904167517,1.008553303795178
0,1,1,81.68219437799344,0.9798680276169185
0,1,0,108.9940970638511,0.1971778251786001
1,0,1,0.12008321809686864,1.022365025490215
0,1,1,107.04347684677333,1.0005094536214285
0,0,1,0.1249406678849696,0.9738652505257677
0,1,1,97.43299410165565,1.0171452002350605
1,1,0,93.38089319021135,0.1956432918060525
0,0,1,0.14877167916232703,0.9893595813462959
1,0,1,0.12497552151821653,1.015453991230559
0,0,1,0.13848673309846038,0.9953782189582736
0,1,1,129.1045067233357,0.9913448807105372
1,0,1,0.11168078132968418,1.0071262075071201
0,1,0,82.64494895983621,0.20037585306203562
0,0,0,0.14467762380888563,0.19989237194510623
1,0,0,0.15025440250235922,0.20057242668955255
0,1,0,99.65873547619682,0.19884112998598832
0,0,1,0.1083905352818515,1.011249598526771
1,1,0,56.47264449080925,0.19726985280121884
1,0,0,0.11641004896105554,0.19961612468050094
0,0,1,0.11677288041337217,0.9901335267459695
1,1,1,154.52804254785366,0.9904768077696934
0,1,0,98.76447808942454,0.20306643129227683
0,0,1,0.11891665458073584,1.003857442081965
0,1,1,105.1888169594641,0.992106642764651
0,0,0,0.10799793445964506,0.19719935142337083
0,1,1,126.70526378610523,1.000987627056684
1,0,0,0.12703674184152286,0.19757147513456214
0,1,0,103.12618321156192,0.20093223462226362
0,1,1,106.28586140042117,1.0063843488101931
0,0,1,0.10376194432132568,1.0000626572037703
0,1,0,140.25982628090918,0.19791352657905587
0,1,1,125.01755282354328,1.0092599835414227
1,1,0,97.1265893154511,0.20032960913567047
0,0,1,0.13629619751133004,0.9746860857833438
0,0,1,0.12156174947684796,1.0197730973888135
0,1,1,109.00601299357909,0.9783857801303915
0,1,0,115.48160663070963,0.1981565516799101
0,0,0,0.12050051212286579,0.19832724134966997
0,0,0,0.10681302141224834,0.2002570863267914
0,1,1,120.60869746038524,1.009392843133038
1,0,0,0.11441927153562226,0.20672635591846847
0,0,0,0.1093800266304471,0.20219345184079882
0,1,0,73.35901342942809,0.1982312124379705
1,1,0,86.97227351413402,0.20203988747609272
1,1,1,117.18535457401649,1.015250422121075
0,1,1,84.68971191665474,0.9991896718758719
0,0,1,0.12423481138689318,0.9909363858994079
0,1,1,123.52024473080596,0.997661918724012
0,1,1,70.96635761660193,1.0023987934736278
1,0,0,0.14980980924074205,0.1992620552640754
1,1,1,105.43994307417205,1.0034686685702099
1,1,0,91.78917951743958,0.20112382844066937
0,1,1,94.29871304438387,0.9898550343958173
0,1,0,121.17621914013183,0.2040713998924647
1,1,1,117.22108054403765,0.9714002062693686
0,0,0,0.14253061496545466,0.2029202895098951
0,0,1,0.1557610300293742,1.0062559947490846
0,1,1,167.58846992878188,1.0069464564707866
0,1,0,122.18202260780019,0.2008584095477155
0,1,1,94.26875130262249,0.9861371040349911
0,0,1,0.1645297917329276,0.9887914250510657
0,0,1,0.11701544258105703,1.000948651633177
0,0,1,0.13254527947760153,0.9815622652414617
1,1,1,126.02666722407294,1.005902930977241
1,1,0,115.88548460505852,0.20027295958989907
0,1,1,109.50801258153442,0.9760589283569262
1,1,1,115.29238954315475,1.0064905911006385
1,0,0,0.1342551208963769,0.19975682362373287
1,1,0,66.6803097759472,0.1976321405578997
0,1,1,97.58852096815068,0.9892649402704901
0,1,0,98.39731023083775,0.20445027476353
1,1,1,81.731248538095,0.9965061197736729
0,1,1,89.31727186646529,0.9728701704777988
0,1,0,128.1061027074337,0.19672046286954362
0,1,0,130.35171223996156,0.1975752953459524
1,0,0,0.1334752575100666,0.19850388522486165
1,0,1,0.1224998066770664,1.0176020157640957
0,1,0,118.7453396620761,0.19605860898756874
1,0,0,0.12451720239570876,0.19914926932367844
0,1,0,84.09910391019586,0.20389908891160305
1,1,1,72.13403882662143,0.9909314347970235
1,1,1,104.39163917749332,1.0044624223113967
0,1,1,84.04364185089986,1.013531014066141
0,1,1,66.36853982822316,0.9845112423812973
0,0,1,0.13071931387695104,1.0112623104481153
0,0,0,0.11644018983686201,0.19891282440292382
0,0,0,0.15193062720271763,0.19851107800951365
1,1,0,77.63765503456364,0.20048759875326363
1,1,1,96.55550003929643,1.007544580102427
1,1,0,108.50626621064303,0.19697560364931044
0,0,1,0.14310282280328296,1.0119590865445225
0,1,0,77.69452876414442,0.20209183858898228
1,0,1,0.12862433299373763,1.0152111355382398
0,0,1,0.1517427015388174,0.9896939472039004
0,0,0,0.15993390955454712,0.20258785796763182
0,1,0,115.45574457774198,0.1989498304612191
1,0,0,0.14370105379114856,0.20429676195030932
0,1,1,91.53209491748443,0.9789393670192847
1,1,1,159.50010219978157,1.0132640513188442
0,1,0,124.57272884015428,0.203290052947069
0,1,1,78.8819430499539,0.9935853495051278
0,1,0,114.92045071955484,0.1972207327191627
0,0,0,0.12627111707875524,0.2004679790582289
1,0,0,0.1409985104657457,0.20012355983959054
0,1,0,123.62417783770792,0.1991741072644735
1,1,0,100.97117251810191,0.1953196623413244
1,0,0,0.10386837080850571,0.20082091765315796
1,0,0,0.15537396519622607,0.20137689187278052
1,1,0,99.55672041427546,0.20292816862115212
0,0,0,0.09995171665550895,0.19857066521242753
0,0,1,0.11355290786300899,0.9942989076603731
1,1,0,127.28772797036676,0.2026961333550867
0,0,1,0.10911841834891745,1.0147010074013276
0,1,1,72.85274716211255,0.9929391089879727
0,0,1,0.1398727961084359,0.9939812681545036
0,1,1,98.5999564270694,0.9888124215632014
0,1,0,115.1579165608953,0.20903647846820989
1,1,1,95.80587354978654,1.0239548726828798
1,1,1,106.16016309546255,1.0145495563351867
0,1,1,132.58074306941418,1.016376863684763
1,1,0,141.31803814835106,0.20027187581452432
0,1,0,105.88795130407912,0.19990690685249282
1,1,1,68.94309755233175,1.004351631073645
0,0,1,0.10682654150128541,0.9875573977308494
0,0,1,0.14347861458240724,1.0233561119796935
0,1,1,118.28923775488937,0.985850515468663
0,1,0,116.13790049815388,0.19907748075768408
0,1,1,78.66867732052808,1.0122390387182345
1,0,0,0.15148542097464035,0.1971945560461335
1,1,1,112.14100757020532,0.9879124526300178
0,1,1,128.13768870187752,0.9876422788002639
0,0,0,0.13621797512060957,0.20211010809288696
0,1,0,189.24199684897044,0.20134553302908867
1,1,0,105.07492719326717,0.19755334817506262
0,1,1,117.4010211904893,0.9915530023572635
0,0,1,0.13785149596024224,0.9787688610506141
0,1,0,117.47728616636658,0.19781081965551156
1,1,0,90.64605127651464,0.20229629300766058
0,0,0,0.15718516381422665,0.198545787766395
0,0,1,0.11797649084722871,0.9939243366466551
1,1,0,152.044750471638,0.19832257793226948
1,1,0,121.76611877178895,0.1969279324287306
0,1,1,87.66555545615479,0.9955149405719179
1,0,0,0.10360034484716776,0.19868921499615458
0,1,1,161.55032869331552,1.0137452835356004
1,0,0,0.11747799927086044,0.20430363301924226
0,0,1,0.09960454489163925,0.9900264042360428
0,0,1,0.12201328782142665,1.0006636912743312
0,0,0,0.11292484240373146,0.20322240819024018
0,1,1,82.09124909759642,1.01100583868967
0,1,1,123.98286002326239,1.006570599063446
0,1,0,155.31138138073734,0.19801213690552394
1,1,0,104.21629245146897,0.19860198663528303
0,1,0,94.10410716060191,0.19996053986914664
0,1,1,110.07176744429114,1.0023481648785562
0,0,1,0.10534257378750761,0.9946559978689311
1,0,1,0.15366685995348128,1.014449648453535
1,0,0,0.12930179173617437,0.1996556708817033
1,1,1,115.37755641985206,1.0117027863943817
1,1,1,130.10612655692395,1.0004204088063209
1,1,0,84.06273039462916,0.20251729220666065
1,1,0,112.36079344377994,0.1970884043969148
0,1,1,75.91403632089241,1.0137832088787089
0,0,0,0.13096196142300529,0.2034979415186517
1,0,1,0.11329805400593086,0.9979876821129938
1,1,0,107.20452787330545,0.20019861513191053
1,0,0,0.09508736685216275,0.1930128552112461
1,1,0,134.59525628009672,0.1998311106047853
0,0,0,0.1322278807669269,0.20080689209347038
0,1,1,135.55689085761273,0.9734152265275414
0,0,0,0.13128324679010422,0.20314308887786975
1,1,1,97.5089672288101,1.0006875520232248
0,0,0,0.1243884930273319,0.19729339596133053
0,1,0,91.31639079655136,0.20193220695677802
0,1,1,96.66032306100514,1.0065341734238118
0,1,1,95.24435130155396,0.9762495661531758
1,1,0,182.00622581806456,0.19907723881476036
1,0,0,0.1516910956634184,0.1993409534924798
0,1,1,101.73385468542615,1.0171000841672186
0,0,0,0.12471875575462874,0.199861271654896
0,0,1,0.13182575298033636,0.977480510011148
0,0,0,0.1518504139980296,0.19945295451932996
0,0,1,0.11416989987266189,1.0111239062145323
1,0,0,0.1355289525577932,0.1989367000513859
0,1,1,89.12948458285938,0.9951461446271186
0,1,1,97.35150449079956,0.9808332178431753
0,1,0,74.18299975348833,0.19738291833254074
0,0,0,0.13310048950815764,0.20114595834773827
0,1,1,88.39792340668112,1.0100464927313473
1,0,1,0.13377860574906003,0.9993422697053405
0,1,0,114.13259080363676,0.20138878837184132
1,1,1,125.59981922146217,1.0052837928395917
1,1,1,137.07827926171265,1.0053730208452691
0,0,0,0.1428568994407478,0.20040204453390273
1,0,1,0.11166244692988951,1.0063651427385427
1,0,1,0.10364641655265629,0.9840619417725815
0,1,0,135.49597882957147,0.2033665838422822
0,0,0,0.14089404441244222,0.20226153757545448
0,0,0,0.1859396169376473,0.20354356494025097
1,0,1,0.11590133878786539,0.9952975355317211
1,0,0,0.10155442995522954,0.19811381553182963
1,0,1,0.12432591565145294,1.0171552753443052
0,0,1,0.14411446060830443,1.0398475537744007
0,1,1,131.42185033949946,1.0023105242876094
1,1,1,118.7715824285841,1.0228158734159472
0,1,0,114.12380797098827,0.20329117215679643
0,1,1,107.64706768448092,0.993288313232173
0,0,0,0.11615163250757839,0.2029991587146082
0,0,0,0.13810828922346488,0.19834333750731775
0,1,1,110.79968080274237,1.0056385134292882
1,1,1,112.60243787956443,1.006669434491198
0,0,0,0.12581791564171263,0.19803220954212866
0,1,1,101.57391585482846,1.0074810070975178
0,0,1,0.1081477535244576,1.0108310554809399
0,0,1,0.12698822856117967,1.0028661116494302
0,0,0,0.12500314826053377,0.19749996734060019
0,1,1,100.95444873991327,0.9908118358067706
0,1,0,90.74886895542976,0.20036122674388016
0,0,1,0.11656971687237414,1.026516518058323
1,1,0,124.29627177545117,0.1982233075884789
0,0,0,0.13880616185616607,0.20164268638945135
0,0,0,0.14287465298338434,0.19985164644037362
1,0,0,0.12271200118196227,0.19861089984718439
0,1,0,78.47363384890821,0.20410956998766994
0,0,1,0.1263170673058642,1.02679593218815
1,1,0,119.82924402856321,0.1987168631386759
1,0,1,0.0902888048799034,1.0071111075384318
0,0,0,0.11223888663456529,0.19853559872753362
0,1,0,106.48079280577463,0.2016076279286686
0,1,0,83.64786336150215,0.1951406544082651
0,0,1,0.14386875045680406,0.9832058411421083
1,1,1,95.12188887773002,1.0044463366736673
1,1,1,147.60848926536116,0.9874929929516428
0,1,1,108.08851863186266,0.9877450054156836
1,1,1,126.4545265542291,0.9823590876002248
1,1,0,106.26719065784083,0.19930630832532328
0,1,1,95.26670705200422,0.9977737832540353
1,1,0,76.81593089102056,0.20261480629688258
0,0,0,0.14317134524631314,0.20020662582634066
0,0,1,0.1304140128122671,0.9940443152537113
0,0,0,0.12665773455905655,0.20509966137246372
0,0,0,0.09387804166898285,0.19888377443607239
1,0,1,0.126714697138395,0.9943050982666292
0,0,0,0.12888224426342598,0.19835667320868888
1,1,0,99.8655551338996,0.19772892425755742
1,1,0,129.9362637216445,0.20360845578279824
1,1,0,120.94980103233644,0.20506434904979143
0,1,1,92.64032726957161,1.0174378738414052
1,1,1,113.07360626567888,1.0006633393927071
1,0,1,0.14717382548600286,0.9795514231542569
0,0,0,0.10752396735157206,0.19667818968200115
0,1,1,109.67208385876363,0.9843435917964415
0,1,1,80.79284920235072,1.0097975588084398
0,0,0,0.14587757810454693,0.20135604051284195
1,1,1,135.93454620942092,0.9982418469372171
0,0,1,0.14077133114571874,1.0159576843102875
0,1,1,150.95703004915222,1.0059809031036961
1,1,1,79.51444716423501,1.0063118438350516
1,1,1,100.1028000468972,1.0049546870633628
0,1,1,120.94946066771767,1.0013180460154627
0,1,1,115.01993265182351,1.0072518427279273
1,1,0,111.76399812300582,0.19749750437567593
0,0,0,0.13437792677055954,0.19647377978002226
0,1,1,86.06442405168254,0.9805132589853529
0,1,1,165.9978842535251,0.9813044897902133
0,0,0,0.1286701812805926,0.20166189756865982
0,0,0,0.12080690284914335,0.20130524702907618
0,1,0,94.75383227401045,0.19961920733269103
0,0,1,0.1264465971654337,1.0013846826624733
0,1,0,94.80882525065006,0.20218816349496965
1,1,1,78.71174108877312,1.0172218643628852
0,0,1,0.14571792143334555,0.9908672909076778
1,0,0,0.1505374170763729,0.19361971092915709
0,1,1,102.45887067244438,0.9824382508134317
0,1,1,89.68178617603243,1.0010179960958152
0,1,1,112.87917328247592,1.0144893472573946
0,0,0,0.1808016688649245,0.1982415659999127
0,1,0,97.82559552395962,0.20219464039392265
0,1,1,85.66415181943378,0.9727115871734369
1,0,0,0.1310179466178362,0.19908893481307477
0,0,0,0.08565291650723687,0.2012255947569544
0,0,0,0.1741930643396265,0.20312850993059497
0,0,1,0.11605318550896894,1.0029728200522214
0,1,0,62.82956900839708,0.2014652178566312
0,0,1,0.09494429218124643,1.016089468338117
0,0,0,0.1423394537236646,0.19909983400502365
0,1,0,81.32282402078522,0.19761990673219096
1,1,0,120.28315038540087,0.19900042970655388
1,1,1,98.33941862211867,0.9980482696075245
0,0,1,0.11475713382139302,0.9886942448270924
0,1,1,62.37589344966163,1.0005196698213317
0,0,0,0.12464885641958244,0.2043750498634451
1,1,1,103.24223177161203,1.0014925062025124
0,1,0,120.74830363731316,0.20533357271638958
0,1,1,118.29398288470827,1.0015923001173859
1,0,1,0.13368620185312688,0.9895677177637981
0,1,1,88.39983459941764,0.9866426616765828
0,0,1,0.1148059078164058,0.9572628783727473
0,1,1,103.88609243803009,1.013951649107531
1,0,1,0.0836698033383278,1.0069454791939234
1,0,1,0.13341386193454807,1.0105647953302346
0,1,1,135.75798416210532,1.0088315022078806
0,0,1,0.13863320215068814,0.9948377967850125
0,1,0,100.73043279623398,0.20044538248272742
0,0,1,0.1250282339842339,1.004032401460445
0,0,0,0.11911893184424961,0.20157221543332834
0,1,1,89.4232385146134,0.9886076094975714
0,0,1,0.1510441729192848,0.984023679117764
0,1,0,144.04031433320472,0.20228829126233155
0,1,0,125.47347943963139,0.199674412942722
0,1,1,81.03404517981205,0.9927613828495057
1,1,0,74.35183904744716,0.20126074791381998
1,1,1,129.18174906830976,1.006406973802531
0,0,0,0.1427633588857382,0.19872897392805525
0,0,0,0.1210078118034894,0.20208694195057972
0,1,0,55.305453358628306,0.20132732747324494
0,1,0,121.53161552050112,0.2008835724054757
1,0,1,0.1307178318373687,1.0191641827123368
1,1,1,93.62352184411375,0.9824492306170721
0,0,1,0.13514915636297764,1.0042783881133563
0,0,0,0.09964475808542596,0.199457507767525
1,0,1,0.11595437132278734,0.9914304276684788
1,1,1,118.48014677673068,0.9848308342532511
0,1,1,79.57558463802653,1.0009570196513482
0,1,0,111.6047795961121,0.20015272248189842
1,1,0,102.67335459325575,0.20230976178703958
1,0,1,0.12918985082825327,0.9848943517078796
0,0,1,0.1721687559943579,0.9700847510282216
1,1,1,100.27785687898145,0.9841708670010225
0,0,1,0.13769179853522565,1.033134363392518
1,0,0,0.1350594264431076,0.19629396905543223
0,0,1,0.10626158371026101,1.000333618264903
0,0,1,0.12943761128134407,1.0376403285170097
0,0,0,0.14790513231520416,0.2027394285573507
0,1,1,139.52640109366732,1.0019742990180718
0,1,0,113.742138313689,0.2027481687780037
0,0,0,0.09934643918745749,0.20135438278245218
0,1,1,141.59643258076213,1.0065068227442993
0,0,1,0.11581354547418274,1.0093277516353645
0,0,1,0.09820433871585842,1.0254325287780386
0,1,0,100.3967690037205,0.19882805750654056
1,0,0,0.13320596290164372,0.20217262652251736
0,1,1,140.5097945598755,1.0171036707838443
0,0,0,0.11049581287627855,0.19935998470199104
0,1,0,119.00968031233644,0.1988087305687684
1,1,0,148.62960726741784,0.20551037041924056
1,1,1,93.66730827063526,1.0074007104215241
1,0,0,0.10522583765863415,0.19626167108028622
1,0,0,0.10723516918085446,0.1969846512011195
0,1,0,147.86374163299763,0.19980022556029947
0,0,1,0.1294150979613073,1.014313544044738
1,0,0,0.1269549441339382,0.19632302875591962
0,0,0,0.12731365380816329,0.2001492095830045
0,0,0,0.1364222128627558,0.20034039477393772
0,0,0,0.15330772442617008,0.20101096073154562
